country,luc_pc__aras,luc_pc__tren,luc_pc__ragam,luc_pc__ubah,ch4_pc__aras,ch4_pc__tren,ch4_pc__ragam,ch4_pc__ubah,n2o_pc__aras,n2o_pc__tren,n2o_pc__ragam,n2o_pc__ubah,co2_pc__aras,co2_pc__tren,co2_pc__ragam,co2_pc__ubah,is_asean,lat,lon
Afghanistan,0.1815,-0.008417,0.064423,-0.369472,0.4051,-0.005719,0.023668,-0.241659,0.1219,-0.002906,0.011975,-0.122796,0.2629,0.001813,0.024638,0.097906,0,34.5553,69.2075
Armenia,0.0931,0.006046,0.098822,0.290276,0.574,-0.000399,0.010609,-0.013614,0.321,1.8e-05,0.026187,0.013605,2.2327,-0.001949,0.07805,-0.062516,0,40.1792,44.4991
Australia,2.3516,-0.012272,0.641256,-0.483439,5.8493,-0.01024,0.082932,-0.468205,2.6437,-0.008028,0.146147,-0.385779,15.7188,0.00891,0.027429,0.39158,0,-35.2809,149.13
Azerbaijan,0.4442,-0.000179,0.080676,0.004272,1.2151,0.001443,0.027274,0.088247,0.3324,-0.001878,0.010588,-0.074814,3.703,-0.009994,0.053525,-0.441209,0,40.4093,49.8671
Bangladesh,0.084,-0.007394,0.032972,-0.316039,0.547,-0.00353,0.010279,-0.158253,0.1765,0.000804,0.003864,0.034629,0.5631,0.007099,0.008484,0.31214,0,23.8103,90.4125
Brunei,2.1976,-0.012141,0.272689,-0.463771,6.3054,0.01613,0.21309,0.633944,0.6822,0.003697,0.042557,0.143544,22.974,0.012371,0.390419,0.286874,1,4.9031,114.9398
Cambodia,2.7778,-0.004145,0.373009,-0.023309,1.3955,-0.004576,0.065043,-0.156635,0.2941,6.3e-05,0.029109,0.016339,1.0095,0.010029,0.035894,0.429867,1,11.5564,104.9282
China,-0.1582,-0.018258,0.101934,-0.841334,1.0006,0.0031,0.009999,0.139688,0.3277,0.002946,0.006708,0.132694,7.6886,0.030322,0.037949,1.364119,0,39.9042,116.4074
Georgia,-2.2794,0.00042,0.172224,0.0,0.8359,0.000793,0.014501,0.037292,0.4692,-0.000899,0.016985,-0.040381,2.8218,0.002052,0.086054,0.120387,0,41.7151,44.8271
India,0.0668,-0.008732,0.079082,-0.374195,0.5825,-0.003834,0.005537,-0.165553,0.204,0.000925,0.00301,0.042013,1.8919,0.014809,0.016087,0.654269,0,28.6139,77.209
Indonesia,3.1045,-0.006337,0.289101,-0.194706,1.2983,0.003238,0.018215,0.134793,0.2526,0.001244,0.006092,0.05815,2.3853,0.018401,0.036499,0.801704,1,-6.2088,106.8456
Iran,0.0779,-0.011614,0.217363,-0.483131,1.7661,-0.009279,0.085255,-0.486294,0.3303,0.000657,0.008866,0.029573,8.2975,0.018587,0.059164,0.768117,0,35.6892,51.389
Iraq,0.0717,-0.007534,0.2045,-0.308331,3.803,-0.014113,0.215301,-0.694107,0.161,-0.002575,0.018024,-0.114909,4.4951,0.009791,0.130019,0.357925,0,33.3152,44.3661
Israel,0.0978,-0.001882,0.079026,-0.070058,0.9292,-0.037594,0.299426,-1.69717,0.2941,-0.001753,0.01268,-0.082336,6.792,0.007928,0.059181,0.339282,0,31.7683,35.2137
Japan,0.0087,-0.00674,0.020285,-0.292531,0.2405,-0.005311,0.009214,-0.237942,0.151,-0.001426,0.009288,-0.067323,8.659,0.009923,0.043973,0.39798,0,35.6895,139.6917
Jordan,0.0833,-0.007377,0.168464,-0.276033,0.5016,0.000305,0.017607,0.021208,0.1402,-0.002327,0.013038,-0.096081,2.2312,0.008998,0.052348,0.455631,0,31.9454,35.9284
Kazakhstan,-0.5174,-0.035774,0.072521,-1.536372,2.6946,-0.010215,0.041923,-0.427391,0.6028,-0.005344,0.039968,-0.224072,15.1617,0.001805,0.061158,0.119586,0,51.1605,71.4704
Kuwait,0.0024,3.8e-05,0.002585,0.002195,8.9259,-0.030456,0.176909,-1.392799,0.2609,-0.000412,0.016243,-0.008004,23.9215,-0.001806,0.529715,-0.049843,0,29.3759,47.9774
Kyrgyzstan,-0.0246,-0.015704,0.066134,-0.701047,1.1135,-0.004688,0.02312,-0.202395,0.2762,-0.004926,0.011979,-0.209841,1.5583,-0.019299,0.077982,-0.818851,0,42.8746,74.5698
Laos,4.3543,-0.005132,0.120904,-0.171528,1.4195,-0.001323,0.033562,-0.048936,0.4398,0.001889,0.018988,0.088429,2.6623,0.017473,0.069543,0.72784,1,17.9757,102.6331
Lebanon,0.0098,-0.00318,0.051578,-0.141316,0.6284,0.002574,0.008319,0.110695,0.1782,8.9e-05,0.011244,0.000553,3.695,0.011256,0.0703,0.47619,0,33.8938,35.5018
Malaysia,2.7589,-0.022419,0.213043,-0.927644,0.8562,0.00108,0.02085,0.05442,0.261,0.00108,0.011397,0.053748,7.8719,0.029618,0.061724,1.291836,1,3.139,101.6869
Mongolia,1.1902,-0.042154,0.214669,-1.80109,11.0766,0.005251,0.077824,0.241368,4.2366,-0.007225,0.030717,-0.320497,11.7488,0.023624,0.126744,1.061863,0,47.8864,106.9057
Myanmar,1.7136,-0.009404,0.284908,-0.419121,1.1895,-0.001618,0.024153,-0.055952,0.293,0.00102,0.015829,0.053245,0.5541,0.004795,0.028449,0.200218,1,19.7633,96.0785
Nepal,0.3218,-0.015459,0.100121,-0.717445,0.9496,-0.002225,0.006924,-0.097232,0.2346,0.000344,0.003891,0.014449,0.491,0.006074,0.020084,0.25287,0,27.7172,85.324
New Zealand,3.522,-0.011028,0.291315,-0.554731,7.2591,-0.008103,0.017987,-0.350423,2.771,-0.007812,0.017618,-0.339141,6.911,0.006652,0.042523,0.29639,0,-41.2866,174.7756
North Korea,0.4136,-0.001938,0.112712,-0.075834,0.8502,-0.001492,0.023591,-0.050432,0.0952,-0.003216,0.017098,-0.131416,2.1751,-0.012292,0.120742,-0.550129,0,39.0392,125.7625
Pakistan,0.0111,-0.008218,0.17103,-0.337677,0.8545,-0.000599,0.0077,-0.02818,0.2734,0.001177,0.004513,0.049958,0.8418,0.006704,0.02504,0.301991,0,33.6844,73.0479
Papua New Guinea,3.8126,0.014269,0.420319,0.562747,0.3952,0.000876,0.059625,0.034446,0.1848,-0.000493,0.01239,-0.023339,0.783,0.006246,0.041812,0.270157,0,-9.4438,147.1803
Philippines,0.4324,-0.024447,0.170074,-1.103233,0.6996,-0.006514,0.015013,-0.290874,0.1484,-0.000366,0.005673,-0.020311,1.2629,0.006275,0.027961,0.233505,1,14.5995,120.9842
Qatar,0.0097,-0.000394,0.032378,-0.01335,8.0961,-0.024812,0.196862,-1.274768,0.2996,-0.009886,0.036223,-0.429588,37.8564,-0.00199,0.413252,-0.213109,0,25.2854,51.531
Saudi Arabia,0.0087,-0.010156,0.062986,-0.41987,3.4864,-0.012007,0.122143,-0.633139,0.3413,0.000185,0.014022,0.00865,21.213,0.01838,0.177816,0.724744,0,24.7136,46.6753
Singapore,0.0175,0.000468,0.015405,0.022819,0.903,0.006612,0.020971,0.290424,0.2319,-0.015081,0.187909,-0.704202,8.8323,0.013546,0.190011,0.497156,1,1.3521,103.8198
South Korea,-0.0812,-0.001674,0.041252,-0.067168,0.6417,-0.000972,0.015832,-0.04027,0.2724,0.002713,0.016869,0.109796,12.0842,0.036304,0.045041,1.589225,0,37.5665,126.978
Sri Lanka,0.5605,-0.014981,0.283284,-0.60987,0.4636,-0.002478,0.014909,-0.102734,0.1022,-4.5e-05,0.007578,0.000789,0.9116,0.007918,0.029059,0.347535,0,6.9271,79.8612
Syria,-0.1353,-0.007919,0.178037,-0.298541,0.3574,-0.006556,0.054108,-0.323455,0.1846,-0.001139,0.012151,-0.047791,1.5251,0.006356,0.083288,0.302212,0,33.5138,36.2765
Tajikistan,0.1216,-0.004531,0.053461,-0.173411,0.7782,-0.006593,0.015512,-0.280693,0.2278,-0.004025,0.010786,-0.1742,0.8776,-0.018604,0.064418,-0.819339,0,38.5598,68.787
Thailand,1.3407,-0.030348,0.157965,-1.369852,1.3209,-0.003036,0.018959,-0.121582,0.3085,0.00143,0.008897,0.06862,3.8647,0.02645,0.035894,1.153671,1,13.7563,100.5018
Turkey,-0.0987,-0.025042,0.241802,-1.148515,1.1571,0.00088,0.018519,0.033785,0.454,-0.001381,0.01299,-0.064089,5.1431,0.021802,0.034312,0.956523,0,39.9334,32.8597
Turkmenistan,0.0324,0.001992,0.186755,0.014361,3.5275,-0.000432,0.073127,-0.002698,0.9586,-0.001819,0.034033,-0.064269,10.7811,0.002692,0.085735,0.12785,0,37.9601,58.3261
United Arab Emirates,-0.003,-0.000107,0.030104,-0.013113,3.6589,-0.008418,0.366274,-0.595027,0.2463,-0.007508,0.02816,-0.321734,22.0637,0.017908,0.391582,0.547134,0,24.4539,54.3773
Uzbekistan,-0.0401,-0.00399,0.040136,-0.154967,1.5308,-0.000253,0.033626,-0.002391,0.4287,-0.006252,0.027197,-0.27181,3.4232,-0.005604,0.037236,-0.265814,0,41.2995,69.2401
Vietnam,1.4696,0.003711,0.188191,0.115086,0.9599,0.000353,0.012125,0.025088,0.289,0.002528,0.011094,0.110057,3.0434,0.018378,0.051445,0.796655,1,21.0278,105.8342
Yemen,-0.0025,0.000364,0.087134,0.01774,0.34,0.001041,0.035861,0.067516,0.1321,-0.001397,0.005448,-0.058649,0.308,0.000594,0.118468,0.082163,0,15.3694,44.191
