ruang_fitur,praproses,proyeksi,k,algoritma,silhouette,davies_bouldin,calinski,skor
POTRET,Standard,PCA2,5,KMeans,0.5335764609674875,0.5278622306353704,94.0997836534806,16.0
POTRET,Robust,PCA2,5,KMeans,0.5015039085832205,0.556879755497125,180.72493504145876,35.0
POTRET,Robust,PCA2,5,Ward,0.5015039085832205,0.556879755497125,180.7249350414587,36.0
POTRET,Standard,PCA2,5,Ward,0.5064060444726604,0.5497646325916297,90.5701369176263,43.0
POTRET,Standard,PCA2,4,Average,0.5274793821557975,0.5612877201192251,68.49632853697298,45.0
POTRET,Standard,PCA2,4,Ward,0.5274793821557975,0.5612877201192251,68.49632853697297,46.0
SERI,Standard,PCA2,6,KMeans,0.5209096841140022,0.5727500092786693,69.22307349204586,48.0
POTRET,YeoJohnson,PCA2,5,GMM,0.5204508773651251,0.5191901646968031,58.82413845315986,54.0
SERI,Standard,PCA2,6,Average,0.519041302465658,0.5612482988634929,66.13720030032246,55.0
POTRET,YeoJohnson,PCA2,5,Spectral,0.5204508773651251,0.5191901646968031,58.824138453159854,55.5
POTRET,YeoJohnson,PCA2,5,Ward,0.5204508773651251,0.5191901646968031,58.824138453159854,55.5
POTRET,YeoJohnson,PCA2,5,KMeans,0.5179190899338568,0.5486546397856514,62.60401792398867,56.0
SERI,Standard,PCA2,6,Spectral,0.5198305842238957,0.5887608041108532,67.19803076329566,60.0
POTRET,Standard,PCA2,4,KMeans,0.5108757354962743,0.5766403758110782,68.91819527297706,63.0
SERI,Standard,PCA2,6,Ward,0.5170103555493247,0.5861501328991199,66.53792131663131,66.0
POTRET,YeoJohnson,PCA2,4,Ward,0.5293451287197481,0.5656222814504365,54.67107400559466,66.5
POTRET,YeoJohnson,PCA2,4,Average,0.5293451287197481,0.5656222814504365,54.67107400559466,66.5
POTRET,YeoJohnson,PCA2,6,KMeans,0.5176837231149318,0.6445778785402695,76.07524500377818,74.5
POTRET,YeoJohnson,PCA2,6,Spectral,0.5176837231149318,0.6445778785402695,76.07524500377818,74.5
SERI,YeoJohnson,PCA2,6,KMeans,0.5012698389174015,0.6006629442048677,66.93190376416997,79.0
POTRET,YeoJohnson,PCA2,6,Ward,0.5099687802899955,0.6443124260806682,73.84020151505528,84.0
POTRET,Robust,PCA3,6,KMeans,0.4676645755248465,0.6453628211233707,118.80217104164198,88.0
POTRET,Standard,PCA2,5,GMM,0.48716545498888714,0.5246081760643552,53.77621026473364,89.0
POTRET,YeoJohnson,PCA2,6,Average,0.5117163646830831,0.6616746077473025,73.88577153573773,91.0
POTRET,YeoJohnson,PCA2,4,KMeans,0.515807098329153,0.6101291650849874,55.108514262536794,91.0
SERI,Robust,PCA2,6,Average,0.48147163604968685,0.6063972915653204,60.97019943595867,95.0
SERI,Robust,PCA2,6,Ward,0.48147163604968685,0.6063972915653205,60.97019943595867,96.0
SERI,Robust,PCA2,6,KMeans,0.4788872107190212,0.6070402309045407,61.65040779229341,97.0
SERI,YeoJohnson,PCA2,6,Average,0.47735502838424854,0.6218840591189461,60.089176143574676,107.0
POTRET,Standard,PCA2,6,Spectral,0.446843788230105,0.6307270391127858,82.78366845673104,107.0
SERI,YeoJohnson,PCA2,6,Ward,0.47735502838424854,0.6218840591189462,60.089176143574676,108.0
POTRET,Standard,PCA3,4,Ward,0.5083101305413288,0.6313707345333244,53.82975911915177,109.5
POTRET,Standard,PCA3,4,KMeans,0.5083101305413288,0.6313707345333244,53.82975911915177,109.5
POTRET,Robust,PCA3,6,Ward,0.445292586018253,0.6538433417004471,113.656729872439,111.0
SERI,Standard,PCA2,5,KMeans,0.48743144074871075,0.6092841647664204,51.19525842708305,119.0
POTRET,Standard,PCA3,5,KMeans,0.46389147349074183,0.643583351305575,64.149564047176,122.0
POTRET,Standard,PCA3,5,Ward,0.4627350079809194,0.6398405092484762,63.82266322257678,122.0
POTRET,YeoJohnson,PCA2,4,GMM,0.48820688863206685,0.5851396758543294,46.54130288292864,124.0
POTRET,Quantile,PCA2,3,Ward,0.5155076366778742,0.6784514391474145,53.607532782081364,127.0
POTRET,Quantile,PCA2,3,KMeans,0.50933537517395,0.6890294304344301,54.294400467060534,128.0
SERI,Standard,PCA2,5,Spectral,0.48383006504561715,0.6272306503770844,50.40737639573909,130.0
POTRET,Robust,PCA2,4,KMeans,0.4421900198219625,0.7056077844692922,142.88866785874507,138.0
POTRET,Robust,PCA3,5,Ward,0.43512535890474524,0.6929891727465416,99.76040687716855,139.5
POTRET,Robust,PCA3,5,KMeans,0.43512535890474524,0.6929891727465416,99.76040687716855,139.5
SERI,YeoJohnson,PCA2,5,Ward,0.46763728747013017,0.6495142288775606,52.996672067477334,147.5
SERI,YeoJohnson,PCA2,5,KMeans,0.46763728747013017,0.6495142288775606,52.996672067477334,147.5
SERI,YeoJohnson,PCA2,6,Spectral,0.47017151700164367,0.6739804907716889,53.336507311942675,149.0
POTRET,Quantile,PCA2,4,Ward,0.47801827192008833,0.6655536761240985,49.55720699326616,157.0
POTRET,YeoJohnson,PCA2,5,Average,0.4783106069316012,0.7270992707082065,56.50817238586687,170.0
POTRET,Robust,fitur,6,KMeans,0.4211181517839289,0.7131484096176072,99.25252136100056,179.0
LINTASAN,Standard,PCA2,6,KMeans,0.4345042040857511,0.6643851061592261,53.654431616752,183.0
SERI,Robust,PCA2,5,KMeans,0.4553864023498066,0.7142148387311356,52.93036657108956,188.0
SERI,Robust,PCA2,5,Average,0.44779585755050877,0.712227712698637,52.55856690180658,188.0
SERI,Robust,PCA2,5,Ward,0.44779585755050877,0.712227712698637,52.55856690180657,189.0
POTRET,Standard,fitur,4,KMeans,0.4685949424250841,0.6970207053895225,45.000273235793365,191.0
POTRET,Standard,fitur,4,Ward,0.4687543495395923,0.6958275233772685,44.43019642715784,193.0
SERI,Robust,PCA2,4,GMM,0.45622432487153863,0.623628123460538,38.846720304211814,213.0
SERI,Robust,PCA2,4,Average,0.46454846672299915,0.6029671460671133,36.965056652105375,216.0
POTRET,Standard,PCA2,3,KMeans,0.44879960398998653,0.7318376628737955,47.45961704080627,219.0
SERI,YeoJohnson,PCA2,6,GMM,0.44577639092976307,0.661357099995283,41.60044421505011,219.0
SERI,Robust,PCA2,3,Average,0.46575377813988167,0.643286616243577,38.15938097418093,219.0
POTRET,Robust,fitur,6,Ward,0.40836132907937994,0.7536928664059527,93.64893866722085,236.0
SERI,Quantile,PCA2,5,KMeans,0.4242301404148685,0.7025266154077447,46.76385310198349,237.0
SERI,YeoJohnson,PCA2,3,Average,0.44017552624269185,0.7252386139774784,45.286378702518796,237.5
SERI,YeoJohnson,PCA2,3,Ward,0.44017552624269185,0.7252386139774784,45.286378702518796,237.5
SERI,Standard,PCA2,5,Average,0.4420920419917145,0.722780214836751,44.96172802507506,238.0
POTRET,Quantile,PCA2,4,KMeans,0.44346280153602324,0.7643711925115197,51.78945877200141,244.0
SERI,Standard,PCA2,4,Average,0.4427928258581867,0.6222795241699046,36.882874366778495,244.0
POTRET,Robust,PCA3,4,KMeans,0.3997110721270396,0.751602120642793,95.99008989380313,248.0
SERI,YeoJohnson,PCA2,3,KMeans,0.4462505431544347,0.7675676666705785,49.242375834227765,250.0
POTRET,Standard,fitur,5,KMeans,0.4234088715859496,0.7319224224885493,50.928284184845,252.0
SERI,Quantile,PCA2,6,KMeans,0.4154278642870255,0.7213910836983177,49.647067612970396,252.0
SERI,Robust,PCA2,4,KMeans,0.4316851762366516,0.7326155850770457,46.05682446715857,256.0
POTRET,Robust,PCA3,6,GMM,0.3900208052111859,0.7345830424338705,82.07997648494899,260.0
LINTASAN,Standard,PCA2,5,KMeans,0.40492646686795586,0.7027667867574514,47.678170444205435,265.0
POTRET,Quantile,PCA2,5,GMM,0.47213725995089706,0.681317276954368,34.10346973170126,265.0
POTRET,Standard,fitur,5,Ward,0.4208051298344215,0.7443123777055951,50.055879468463964,267.0
SERI,Quantile,PCA2,5,Ward,0.4132075270280684,0.7100564006092787,44.549915790938805,268.0
SERI,Quantile,PCA2,6,Ward,0.40520851895623605,0.7117306306926312,46.78308363834817,269.0
SERI,Quantile,PCA2,5,Spectral,0.4112490022497804,0.7171258602513852,46.47162520138709,269.0
SERI,Standard,PCA2,5,Ward,0.43810851983353943,0.7524553188342928,44.85218909209459,270.0
LINTASAN,YeoJohnson,PCA2,4,Ward,0.43607233226517844,0.6971693230115752,38.32856738565697,271.0
POTRET,Robust,fitur,5,Ward,0.39319999601141303,0.7628415938470683,86.91870384477681,271.0
SERI,Robust,PCA2,4,Ward,0.420101450699774,0.7163735955054256,43.71207668065533,275.0
SERI,Quantile,PCA2,3,KMeans,0.44353084352980565,0.780236803253117,46.37359092565962,276.0
LINTASAN,Standard,PCA2,6,Ward,0.42174812512416066,0.7260691279984237,43.51658020337852,281.0
POTRET,Quantile,PCA2,3,Spectral,0.4291442808076205,0.7742295536086394,50.82518093858167,282.0
SERI,Standard,PCA2,3,Average,0.4300192570570015,0.7388004638740279,42.66931054375547,287.0
SERI,Standard,PCA2,3,KMeans,0.4300192570570015,0.7388004638740279,42.669310543755465,288.0
POTRET,YeoJohnson,PCA2,3,Average,0.4444896512568492,0.6996109840546302,34.81424734439357,291.0
SERI,Standard,PCA2,5,GMM,0.4313779778366536,0.7607536750631239,43.160507259492206,293.0
LINTASAN,YeoJohnson,PCA2,3,KMeans,0.4388524137160097,0.760328439988541,41.12789687934021,296.0
SERI,YeoJohnson,PCA2,5,Spectral,0.43393434954886606,0.7140239542800751,36.89179951793234,299.0
SERI,Standard,PCA2,4,Ward,0.4124618561640551,0.6548327379648022,37.16086452414543,299.0
LINTASAN,YeoJohnson,PCA2,4,GMM,0.4309387638081889,0.6994295047341733,36.013144293044185,301.0
LINTASAN,YeoJohnson,PCA2,3,Spectral,0.4303648393380465,0.7452133995782518,40.778617728801386,304.0
LINTASAN,YeoJohnson,PCA2,5,Ward,0.395677353947985,0.6761502693111853,40.885394336199894,307.0
POTRET,Standard,PCA2,4,Spectral,0.43704433377563795,0.7176628378682773,35.60885651829876,310.0
POTRET,YeoJohnson,PCA2,4,Spectral,0.4256048446278641,0.6970580951576291,35.81361693975214,311.0
SERI,Quantile,PCA2,4,KMeans,0.41880757979761324,0.7669607942788479,44.18210186755335,315.0
POTRET,Standard,PCA3,6,GMM,0.42798040728013365,0.8426733911639692,56.6293784180162,320.0
LINTASAN,YeoJohnson,PCA2,3,Ward,0.4324994648617734,0.7691875931528322,40.73693569369906,321.0
POTRET,YeoJohnson,PCA3,4,Spectral,0.43126619918712233,0.7264293823987172,35.8942304488839,325.5
POTRET,YeoJohnson,PCA3,4,Average,0.43126619918712233,0.7264293823987172,35.8942304488839,325.5
LINTASAN,Standard,PCA2,4,KMeans,0.41480900106319396,0.7608159271569865,42.386967192308035,326.0
POTRET,YeoJohnson,PCA2,3,Ward,0.46616281876561855,0.8317737145167116,42.54218670296569,328.5
POTRET,YeoJohnson,PCA2,3,KMeans,0.46616281876561855,0.8317737145167116,42.54218670296569,328.5
LINTASAN,Standard,PCA2,4,Ward,0.4107561770792876,0.7301352602173224,38.92219665901912,333.0
POTRET,YeoJohnson,PCA3,4,KMeans,0.4266116816081702,0.7513203879378791,36.069557109915905,347.0
SERI,Robust,PCA2,3,KMeans,0.4134641289175455,0.8136867642413823,46.22186158407373,348.0
POTRET,Robust,PCA3,5,GMM,0.38102331617637025,0.8288862464924653,84.70959874134861,348.0
SERI,Standard,PCA2,4,GMM,0.4138862801288637,0.7259981670219192,35.31200762825742,350.0
SERI,Quantile,PCA2,3,Spectral,0.41228989053009407,0.7901113813439259,42.93170881576184,350.0
SERI,Robust,PCA2,3,Spectral,0.4122848836473186,0.808708132486769,45.13857510923931,353.0
SERI,YeoJohnson,PCA2,5,Average,0.3933121295810937,0.7496408252411324,42.154051619436025,358.0
SERI,Standard,PCA2,6,GMM,0.4088989951605282,0.7633467672728981,39.335553150535844,359.0
SERI,YeoJohnson,PCA2,4,Ward,0.3969812265009969,0.7943759987165533,45.589216280820345,361.0
LINTASAN,YeoJohnson,PCA2,6,KMeans,0.39416726359682425,0.7742392456120343,44.42158439079807,361.0
SERI,Quantile,PCA2,4,Ward,0.40346749282110766,0.7632955978457012,40.37994117268662,362.0
SERI,YeoJohnson,PCA2,4,KMeans,0.4026922036479917,0.8211973441476257,46.53054641937872,368.0
LINTASAN,YeoJohnson,PCA2,6,Ward,0.3764998615892435,0.7474256342314501,43.154886312380086,370.0
SERI,Robust,PCA2,3,Ward,0.40086728459640214,0.7968717379644837,43.940595801544994,372.0
POTRET,YeoJohnson,PCA3,4,Ward,0.421280600232247,0.7741769848130178,35.94138016992544,377.0
POTRET,Quantile,PCA2,4,Spectral,0.4025427030266258,0.8345880050129844,49.42602379232558,377.0
SERI,YeoJohnson,PCA2,4,Average,0.4044044885140465,0.816117728969947,44.397867557660476,379.0
SERI,Standard,PCA2,4,KMeans,0.42418080785980533,0.8424007173562412,42.87496079213392,381.0
LINTASAN,Standard,PCA2,5,Ward,0.39200861036741447,0.7575472473514087,39.63601764361216,381.0
LINTASAN,YeoJohnson,PCA2,6,GMM,0.3633966248865473,0.6469758550391022,35.923606965495445,386.0
LINTASAN,YeoJohnson,PCA2,4,Spectral,0.36901745879004166,0.6931062191778624,36.72704898972981,386.0
SERI,Quantile,PCA2,3,Ward,0.4177840489121282,0.8285949136902172,41.13404427045019,387.0
SERI,Quantile,PCA2,4,Spectral,0.38959995993524144,0.7680895901538108,40.42564000383561,392.0
POTRET,YeoJohnson,PCA3,5,KMeans,0.40527733795062415,0.775063580155961,37.31546113628543,392.0
SERI,Robust,PCA2,5,Spectral,0.3731704252194817,0.7253357755146443,37.448900032045096,396.0
SERI,Standard,PCA2,3,Ward,0.3781126216047751,0.7453558597342758,37.787625217037665,401.0
POTRET,Quantile,PCA3,3,Ward,0.4434085066461151,0.8594064903414053,37.71696938591147,402.5
POTRET,Quantile,PCA3,3,KMeans,0.4434085066461151,0.8594064903414053,37.71696938591147,402.5
LINTASAN,YeoJohnson,PCA2,4,KMeans,0.3846612980833321,0.7705247589857983,39.71018771433687,406.0
POTRET,Robust,fitur,5,KMeans,0.3548544113082786,0.852630635250393,87.63377049317083,413.0
SERI,Quantile,PCA2,6,Spectral,0.3603138910068691,0.7480928179816159,40.28414246141988,420.0
POTRET,YeoJohnson,PCA3,5,GMM,0.39423359350294546,0.7694279104712842,35.001582081907635,425.0
POTRET,YeoJohnson,PCA2,3,GMM,0.40662312618075425,0.7721138126668209,31.433295458859533,431.0
LINTASAN,YeoJohnson,PCA2,5,KMeans,0.38070461529079846,0.8194371135372192,42.46213774207012,431.0
POTRET,YeoJohnson,PCA3,5,Average,0.40769440948768404,0.7961186283451362,34.11147808087678,435.0
LINTASAN,YeoJohnson,PCA2,3,GMM,0.39266094405778157,0.7641451375150611,33.084245062358086,436.0
POTRET,YeoJohnson,PCA3,6,Average,0.3967719163987726,0.8106564941386306,37.28829935409578,436.0
SERI,Quantile,PCA2,3,GMM,0.40042039327748075,0.8212825870320763,37.13932582433538,438.0
SERI,Standard,PCA2,4,Spectral,0.39813102858976107,0.8516550019595043,40.805839285928116,443.0
POTRET,Standard,PCA3,6,Spectral,0.3472407240366327,0.7974557350747301,48.06558666898437,444.0
LINTASAN,Standard,PCA2,6,GMM,0.36602353627748313,0.7804905321002243,38.69426323202588,450.0
SERI,Robust,PCA2,5,GMM,0.3905236073489144,0.7820541765353045,34.57488588981859,450.0
SERI,YeoJohnson,PCA2,5,GMM,0.37460790418549583,0.8006937903988801,37.467473725020376,458.0
POTRET,YeoJohnson,PCA3,5,Spectral,0.38295486315063787,0.7817962969288798,34.62995672295559,459.0
POTRET,YeoJohnson,PCA3,5,Ward,0.3870555177307951,0.796084344729179,35.054880523900906,460.0
SERI,Robust,PCA2,4,Spectral,0.3778204398577627,0.8431835920734586,41.201891389190166,463.0
POTRET,YeoJohnson,PCA3,6,KMeans,0.4004001438646167,0.8743796905445792,39.34186531008794,470.0
POTRET,Quantile,PCA2,5,Spectral,0.3446619411434085,0.81103745505684,43.77511191070031,483.0
LINTASAN,Standard,PCA3,6,KMeans,0.37246200326413775,0.7869105964263127,33.646192342233206,484.0
LINTASAN,YeoJohnson,PCA2,5,Spectral,0.34898894411694686,0.776179145525858,38.55645208453625,484.0
SERI,Robust,PCA2,6,GMM,0.3722200065084875,0.795075994735534,34.35609368391971,487.0
POTRET,YeoJohnson,fitur,4,Spectral,0.3935479773011945,0.8024269450721018,29.390991060411913,488.0
LINTASAN,YeoJohnson,PCA2,3,Average,0.4011295544574009,0.7353094339814451,23.69737210539901,489.0
POTRET,YeoJohnson,fitur,4,Ward,0.3935479773011945,0.8024269450721018,29.390991060411906,489.5
POTRET,YeoJohnson,fitur,4,Average,0.3935479773011945,0.8024269450721018,29.390991060411906,489.5
SERI,Robust,PCA2,6,Spectral,0.3442062185711795,0.741204468004006,34.44755521329527,494.0
POTRET,Robust,PCA3,5,Spectral,0.37509601691994204,0.7438262864958748,26.055700205778013,496.0
LINTASAN,Quantile,PCA2,3,KMeans,0.40011113587342745,0.8429421989761572,31.56032881231757,502.0
SERI,YeoJohnson,PCA2,4,Spectral,0.3766309284986486,0.836036975620405,35.044963537781605,507.0
POTRET,Standard,fitur,6,GMM,0.37301218099863487,0.8833884231145555,41.07334206660509,508.0
POTRET,YeoJohnson,fitur,4,KMeans,0.3917396036356502,0.8297575296706929,29.63759159729179,513.0
LINTASAN,Standard,PCA3,6,Ward,0.35985175916002465,0.78218499985446,31.773843506889293,514.0
SERI,YeoJohnson,PCA2,3,GMM,0.3852146031068642,0.9205468840496615,40.50295223601656,518.0
POTRET,Quantile,fitur,3,Ward,0.41099579330284897,0.9137849363331559,32.502723910863665,523.0
POTRET,YeoJohnson,PCA3,6,Spectral,0.3648038472160779,0.8249627213819325,34.16630523501473,524.0
POTRET,Quantile,fitur,3,KMeans,0.41099579330284897,0.9137849363331559,32.50272391086366,524.0
LINTASAN,Standard,PCA3,4,Spectral,0.36843455527065655,0.8216512169862165,29.736849181215764,535.0
LINTASAN,Standard,PCA3,5,Ward,0.37133156289788843,0.8222044782513074,29.537173864367286,537.0
POTRET,Quantile,PCA3,4,GMM,0.40976702372371,0.8610022394161769,26.117356771646058,546.0
POTRET,YeoJohnson,PCA3,6,Ward,0.37489512446271883,0.8995870223909895,35.436494068572095,554.0
SERI,Robust,PCA3,6,Ward,0.3742037566592282,0.8275432016566154,27.709809963382945,555.0
POTRET,Standard,PCA3,4,Spectral,0.3783077101405755,0.8467446062222395,28.733862784776765,557.0
LINTASAN,YeoJohnson,PCA2,6,Spectral,0.3350130239488316,0.8088278318249014,36.24321554407539,558.0
POTRET,Quantile,PCA3,3,Spectral,0.37484837895339335,0.9189108285433555,36.310768308380716,560.0
POTRET,Quantile,PCA2,6,Spectral,0.31275350069298197,0.805802958071408,38.015286218759265,567.0
LINTASAN,Standard,PCA3,4,KMeans,0.3532261514848458,0.8396389197725138,32.1993907307725,572.0
LINTASAN,Standard,PCA3,4,Ward,0.38485201535247293,0.9110230564138613,30.452607516383168,577.0
SERI,Standard,PCA3,6,KMeans,0.36657162762901135,0.8394738198315072,27.7279059912365,578.0
POTRET,Standard,fitur,6,Spectral,0.32620665670883614,0.8521675624267577,39.23558539005327,586.0
POTRET,YeoJohnson,PCA3,3,Average,0.37130620011585164,0.8466292562581627,27.141176655517363,586.0
LINTASAN,Standard,PCA3,5,KMeans,0.35363432721214044,0.8552437123732458,31.771415570960468,587.0
POTRET,Robust,fitur,4,KMeans,0.3096776593373824,0.9933886696702363,86.29597180408142,588.0
POTRET,YeoJohnson,PCA3,3,KMeans,0.38847015460753487,0.9540357833287016,32.21327931751591,590.5
POTRET,YeoJohnson,PCA3,3,Spectral,0.38847015460753487,0.9540357833287016,32.21327931751591,590.5
LINTASAN,Standard,PCA2,3,GMM,0.4244356632694902,0.9977172590980228,27.386742320389267,602.0
POTRET,YeoJohnson,PCA3,6,GMM,0.3357137358665937,0.8215708113315193,29.884792810571767,602.0
POTRET,YeoJohnson,fitur,5,KMeans,0.360245170259361,0.8913271483167307,29.726350051795272,609.0
LINTASAN,Standard,PCA2,6,Spectral,0.3269087291382516,0.7944236420207745,28.766132505895506,610.0
LINTASAN,Quantile,PCA2,3,Ward,0.3682099810635373,0.9011814383395228,28.835246931201723,612.0
POTRET,Standard,PCA2,5,Spectral,0.34052261455482646,0.8072408318128964,27.398030730041864,612.0
SERI,Robust,PCA3,6,Average,0.3639323906512393,0.8332936640190561,24.937630808382618,613.0
SERI,Robust,PCA3,6,KMeans,0.3621017117113208,0.8856900959679542,28.12146341018025,620.0
POTRET,Standard,fitur,5,GMM,0.3844713224053961,0.9796323900415104,30.834590323003898,625.0
SERI,YeoJohnson,PCA3,5,GMM,0.357425199861102,0.768527095942015,21.1187827033973,628.0
LINTASAN,Standard,PCA2,5,Spectral,0.3175218718499316,0.8393920530049439,32.99319126882472,628.0
POTRET,YeoJohnson,fitur,5,Ward,0.3491510579910251,0.8628407832294013,27.9290313777013,631.0
SERI,YeoJohnson,PCA3,5,Ward,0.3550253860320423,0.7909671351795031,21.9141765353755,633.5
SERI,YeoJohnson,PCA3,5,Average,0.3550253860320423,0.7909671351795031,21.9141765353755,633.5
POTRET,YeoJohnson,fitur,5,Spectral,0.35091755859168333,0.8835736185101194,29.288910542334328,634.0
SERI,YeoJohnson,PCA3,6,KMeans,0.36330042510260646,0.8799906928477702,25.87709536025223,639.0
LINTASAN,Quantile,PCA2,5,Spectral,0.36281480124626353,0.8737029402619267,25.506456650221846,641.0
SERI,YeoJohnson,PCA2,3,Spectral,0.3309070375847573,0.8284447524202302,27.837508221952465,641.0
POTRET,Robust,fitur,5,GMM,0.2795831763811417,1.0124262750617254,78.04691381153411,641.0
LINTASAN,Quantile,PCA2,6,Spectral,0.35469977308653133,0.8303777815375043,23.601528495219195,649.0
POTRET,Robust,PCA3,4,Spectral,0.3334500425301985,0.8730050637499782,29.63017068666346,657.0
POTRET,Robust,PCA3,4,GMM,0.27474173250354633,1.0423632845021966,79.27076848655072,658.0
SERI,Robust,PCA3,6,Spectral,0.35158852381720646,0.8783026463269287,26.026614737694395,659.0
POTRET,Robust,PCA3,3,GMM,0.3105539542796896,1.2122166818328803,75.2675583365693,659.0
POTRET,Robust,fitur,4,GMM,0.2768973773195207,1.0413689212528456,74.44713600732189,660.0
POTRET,Standard,PCA2,3,Spectral,0.36742008987136177,0.8573091604400919,22.57751950877952,660.0
LINTASAN,Standard,PCA3,5,Spectral,0.32747753272226376,0.8453110811096801,27.503358104638835,664.0
SERI,Robust,PCA3,5,Ward,0.3567167088043965,0.8931012641708251,25.44695061556944,670.0
SERI,Robust,PCA3,5,KMeans,0.34968942779922185,0.8869177976423896,25.89414721027982,673.0
SERI,Standard,PCA3,5,Average,0.3501851559762835,0.8686289846556356,24.280150921100557,678.0
SERI,Standard,PCA3,5,KMeans,0.3451334394109804,0.9054982904777276,26.257877238077416,684.0
SERI,Standard,PCA3,5,Ward,0.34181053294968167,0.8555354806603195,24.36845148859352,685.0
POTRET,Quantile,fitur,3,Spectral,0.3502401258313847,0.9918357037353673,31.395078430258145,687.0
SERI,YeoJohnson,PCA3,4,GMM,0.34192554134744435,0.8232313142826231,22.0856740918873,689.0
POTRET,YeoJohnson,fitur,6,KMeans,0.35005398374836094,0.9739039355383278,29.534272258724055,689.0
SERI,Standard,PCA3,6,Spectral,0.35730292484586995,0.9142916779114266,24.594339468801852,689.0
SERI,Robust,PCA3,4,KMeans,0.36774231310533095,0.9330098860129896,23.92000380512615,690.0
SERI,YeoJohnson,PCA2,4,GMM,0.3404725446708346,0.9769535154288247,33.609912739050415,692.0
SERI,Robust,PCA3,4,Ward,0.36649029873503947,0.923702080471837,23.739327043700378,693.0
POTRET,Quantile,fitur,4,GMM,0.4470967850892858,1.2467686457564948,22.55216341834755,696.0
POTRET,YeoJohnson,PCA3,3,Ward,0.35825341942778194,0.9976435331604137,27.479284998612073,704.0
SERI,Standard,PCA3,6,Ward,0.3620967428379357,0.9634298448149915,25.211362172122236,706.0
SERI,Standard,PCA3,6,Average,0.34084241433159224,0.8483920806090435,23.030729125666106,706.0
SERI,YeoJohnson,PCA3,6,Average,0.34351472176485015,0.866742878634379,23.45554926669965,706.0
POTRET,YeoJohnson,fitur,3,Ward,0.3577334207145025,1.015540959994112,27.92478519572101,712.0
POTRET,YeoJohnson,fitur,3,Spectral,0.3577334207145025,1.015540959994112,27.92478519572101,712.0
POTRET,YeoJohnson,fitur,3,KMeans,0.3577334207145025,1.015540959994112,27.92478519572101,712.0
POTRET,Standard,fitur,4,Spectral,0.3420828162471974,0.9296400411300609,25.77254720750279,716.0
POTRET,YeoJohnson,fitur,6,Ward,0.34548815692935053,0.9927971929182048,28.494527223588772,718.0
SERI,YeoJohnson,PCA3,6,Ward,0.34808048825393195,0.9293103158354685,24.22789736290218,723.0
POTRET,YeoJohnson,PCA3,4,GMM,0.341189461167762,0.9367936545821729,25.836699514375812,723.0
POTRET,Robust,fitur,4,Spectral,0.3164153095670945,0.9451531357400262,28.884040429225784,732.0
POTRET,YeoJohnson,fitur,3,Average,0.3442361844232971,0.9186810558085504,23.817796771653132,732.0
LINTASAN,Quantile,PCA2,4,Spectral,0.33165767413755265,0.8920710319630305,24.166068775139887,739.0
SERI,Quantile,PCA2,6,GMM,0.3089725319993342,0.8656907595085523,24.311350773502628,745.0
SERI,Standard,PCA3,5,Spectral,0.3495442194332126,0.989352237762148,25.44541387210284,745.0
LINTASAN,Standard,PCA2,3,Spectral,0.32326990075892453,0.882590726991575,23.948271943850774,745.0
POTRET,YeoJohnson,fitur,6,Spectral,0.3316868378241525,0.9619710867385587,26.713144656275862,746.0
POTRET,Robust,PCA2,5,Spectral,0.2853258392172869,0.8745010200670358,26.543142228582624,751.0
SERI,YeoJohnson,PCA3,6,Spectral,0.3419584050130773,0.9437943309498743,23.793776015836773,751.0
SERI,YeoJohnson,PCA3,5,KMeans,0.3400955952274667,0.936423388045208,24.096961317318975,751.0
POTRET,Quantile,PCA3,5,GMM,0.3873919704406745,0.9876512663639387,20.254750751981256,752.0
SERI,Standard,PCA3,5,GMM,0.34134447457477957,0.9162829285796763,22.418790017604085,758.0
SERI,Robust,PCA3,5,Average,0.30999873478079093,0.7775362316121386,17.615780275524518,762.0
LINTASAN,Standard,PCA3,3,GMM,0.4081306899575133,1.0653061778334052,20.079922526826756,763.0
POTRET,Standard,fitur,3,GMM,0.3230935296665589,1.0002379722290196,28.958663072567205,763.0
SERI,Standard,PCA2,3,Spectral,0.3596746917727201,1.1526676357312968,27.2156402602384,763.0
POTRET,Robust,PCA3,6,Spectral,0.2955173968154943,0.8027851142680973,20.931951487893105,764.0
SERI,YeoJohnson,PCA3,3,Spectral,0.3528287120482976,1.0481997530220897,25.709367895923688,764.5
SERI,YeoJohnson,PCA3,3,KMeans,0.3528287120482976,1.0481997530220897,25.709367895923688,764.5
POTRET,Standard,PCA3,3,Spectral,0.35189139575824957,0.9346651199200456,20.407913730340056,773.0
SERI,Quantile,PCA3,5,KMeans,0.31952999234849677,0.873723586178274,21.6966519841985,776.0
SERI,YeoJohnson,PCA3,4,Ward,0.34217244709316624,0.9444148613676854,21.880373459121973,776.0
SERI,Standard,PCA3,4,GMM,0.33555112517169144,0.9620054760719429,23.877277197454667,779.0
SERI,Quantile,PCA3,4,GMM,0.3332301084674146,0.8996847205734309,21.228583014605107,785.0
LINTASAN,Robust,PCA2,5,Spectral,0.2587571812835912,0.8581279471690639,24.71500328914103,787.0
LINTASAN,Standard,PCA3,6,Spectral,0.2929635791154803,0.8658535536963287,23.369859757117865,787.0
SERI,Quantile,PCA3,4,Average,0.33495922394746325,0.9151611975460486,21.3622910113006,789.0
SERI,Quantile,PCA3,4,Ward,0.33495922394746325,0.9151611975460487,21.3622910113006,790.0
SERI,Standard,PCA3,4,Ward,0.33044604074875567,0.9582179937453443,23.374661726547153,792.5
SERI,Standard,PCA3,4,Average,0.33044604074875567,0.9582179937453443,23.374661726547153,792.5
SERI,Standard,PCA3,3,KMeans,0.3374305324559554,1.102116351272297,26.860040809032213,801.0
POTRET,Quantile,PCA3,4,Spectral,0.30369043133594126,1.0671882402923711,31.825009887045145,801.0
SERI,Standard,PCA3,3,Spectral,0.3367144383643543,1.0991519419663287,26.75157352275859,802.0
POTRET,Standard,PCA3,4,GMM,0.2689988189042874,0.9660548734479191,29.247389992235508,805.0
SERI,Standard,PCA3,4,KMeans,0.32713085090894134,1.0072203716554224,25.05096816649461,805.0
SERI,YeoJohnson,PCA3,3,Ward,0.34280873194287126,1.0626793997617137,24.2539617044317,809.0
LINTASAN,Quantile,PCA3,6,Spectral,0.3353206318646821,0.8658207964056904,16.83607127019429,809.0
SERI,Quantile,PCA3,4,KMeans,0.3249208950667232,0.9669870148595334,22.60105226115326,817.0
SERI,Robust,PCA3,3,Ward,0.33828034967463766,1.074126654801398,25.202888690225276,818.5
SERI,Robust,PCA3,3,Spectral,0.33828034967463766,1.074126654801398,25.202888690225276,818.5
SERI,Robust,PCA3,3,KMeans,0.3373446077486278,1.086342119162338,25.249257803013652,821.0
POTRET,Robust,fitur,3,GMM,0.1810756617252254,1.6954736388066565,63.41093992375645,831.0
POTRET,YeoJohnson,fitur,4,GMM,0.319345744934657,0.9922919204305993,22.578296108405624,836.0
SERI,YeoJohnson,PCA3,4,KMeans,0.3052712501276913,0.970796517899587,23.53165945450227,837.0
LINTASAN,Standard,PCA3,4,GMM,0.3449671675011354,0.9643858168245493,18.308098152478667,838.0
SERI,Robust,PCA3,4,Spectral,0.3187239910320317,0.998269490842743,23.10570985718644,839.0
SERI,YeoJohnson,PCA3,4,Average,0.31588043491222745,0.9019255407842229,18.622847974398795,844.0
POTRET,Standard,PCA3,3,GMM,0.28234494051920445,1.0280902625007504,26.27421886237859,851.0
SERI,YeoJohnson,PCA3,6,GMM,0.3067939020259139,0.962814132276269,21.797748235029516,851.0
SERI,Standard,PCA3,3,Ward,0.3211172857552296,1.121279197800275,24.73200500267716,857.0
SERI,Standard,PCA3,4,Spectral,0.3091829617333566,1.0098052156896857,23.24289511231143,858.0
SERI,Robust,PCA3,5,Spectral,0.2938282868385942,0.961222726407455,21.75847587228589,867.0
LINTASAN,YeoJohnson,PCA3,3,KMeans,0.3171009101209321,1.0574581289355358,23.23945304007418,869.0
POTRET,Robust,fitur,6,Spectral,0.26727775680274685,0.8788477401978759,19.9538338161713,871.0
SERI,Robust,PCA3,4,Average,0.27919637891825394,0.8517410389945412,16.61712347399097,872.0
SERI,Quantile,PCA3,5,Spectral,0.29574273108014865,0.9486700121755385,20.405373427914835,873.0
LINTASAN,YeoJohnson,PCA3,4,Ward,0.2912554959081501,0.9446703412544799,20.329390035889308,879.0
LINTASAN,Robust,PCA2,6,Spectral,0.2534088943918315,0.8713901177447622,19.526636628141418,880.0
LINTASAN,YeoJohnson,PCA3,3,Ward,0.3123924538857313,1.0502553648512807,22.17729310150873,881.0
POTRET,Quantile,PCA3,5,Spectral,0.28660745125824905,1.1415021996602395,26.33851267853881,881.0
LINTASAN,YeoJohnson,PCA3,4,KMeans,0.2940043947061342,0.9869073650504103,21.66987905982586,884.0
LINTASAN,YeoJohnson,PCA2,5,GMM,0.30548208649177844,1.2856557447387171,26.30390443509433,884.0
SERI,Quantile,PCA3,6,KMeans,0.2933349560023061,0.9994767821523641,22.152684805713644,886.0
POTRET,Standard,PCA3,5,Spectral,0.2617650279202244,0.9608586018453028,21.879696556734228,893.0
SERI,Quantile,PCA3,6,Spectral,0.2853228723987049,0.9595219724062941,20.2424833363585,895.0
SERI,YeoJohnson,PCA3,5,Spectral,0.3112739410952936,1.0645153845824402,21.787182626529635,898.0
LINTASAN,Standard,PCA2,4,Spectral,0.25815088505018013,0.8807429249657762,18.285817523716652,898.0
POTRET,Robust,PCA2,6,Spectral,0.23983373069935413,0.9182758648412378,20.82684042763259,898.0
POTRET,YeoJohnson,fitur,6,GMM,0.26615182841862206,0.9110074139766143,19.12042943127383,899.0
LINTASAN,YeoJohnson,PCA3,5,Ward,0.3015082106407985,1.0115134275746422,21.044341111058046,901.0
POTRET,YeoJohnson,fitur,5,GMM,0.28144369967416244,0.9916539312854555,21.169950953877784,906.0
SERI,Quantile,PCA3,6,Ward,0.3026868236958657,1.0143203105226064,20.58512890344555,907.0
POTRET,Robust,fitur,5,Spectral,0.19356769233616086,0.9411372740303715,22.048181180334982,908.0
LINTASAN,YeoJohnson,PCA3,5,KMeans,0.2990542652935065,1.023085497036594,21.02453615438454,909.0
SERI,Quantile,PCA3,3,KMeans,0.316062024320818,1.1603218832207542,22.116216660118454,909.0
POTRET,Robust,PCA2,4,Spectral,0.29696955914177764,0.9319868732402622,15.382311804416236,909.0
POTRET,Standard,fitur,3,Spectral,0.3141133808404413,0.9930014932578194,17.851294360933007,910.0
LINTASAN,YeoJohnson,PCA3,4,Spectral,0.26227366760205806,0.9472630812264364,20.05325703136295,914.0
POTRET,YeoJohnson,PCA3,3,GMM,0.3121539447238655,1.0260133096379371,19.2830571439175,916.0
POTRET,Quantile,fitur,4,Spectral,0.25552710572108916,1.1397566427342005,25.833317884905092,918.0
LINTASAN,Quantile,PCA3,5,Spectral,0.3094335748380804,0.9705620166945845,16.596908058431026,918.0
LINTASAN,Quantile,PCA2,3,Spectral,0.25346173105548814,0.9538116057533799,20.12002804793647,919.0
LINTASAN,YeoJohnson,PCA3,5,Spectral,0.2695881626344065,0.9792929771841627,20.255141362970786,924.0
SERI,YeoJohnson,PCA3,4,Spectral,0.29399751826231224,1.0558370447081025,21.51340341272618,925.0
SERI,Quantile,PCA3,5,Ward,0.2990454046143235,1.0501121452724906,20.62550138132085,926.0
POTRET,YeoJohnson,PCA2,3,Spectral,0.27379561369086597,1.1132450498071071,24.135626839436373,926.0
LINTASAN,YeoJohnson,PCA3,4,GMM,0.30765651024324836,1.045202991573779,19.82607655475945,927.0
LINTASAN,YeoJohnson,PCA3,6,Spectral,0.28128783713282257,0.9826349406074066,18.781037776847395,937.0
POTRET,Quantile,PCA3,6,Spectral,0.22580595078698049,1.038059762714801,23.008536258815525,941.0
SERI,Quantile,PCA3,3,Ward,0.3096497315896042,1.2213498921528847,21.32040187832677,943.0
SERI,Quantile,PCA3,4,Spectral,0.2837785811229984,1.0345161520836017,20.09643068667711,945.0
LINTASAN,Standard,PCA3,3,Spectral,0.2962020889610692,1.0299227890949683,18.638734175056868,946.0
LINTASAN,Robust,fitur,4,GMM,0.24921536635689326,1.3393282766796808,25.7769260885839,958.0
SERI,Robust,PCA3,4,GMM,0.2981204945970587,1.080483305977964,19.245829059801398,962.0
SERI,Standard,PCA3,3,GMM,0.30640991009810076,1.2506068530800398,19.58883430541436,978.0
SERI,Robust,PCA3,6,GMM,0.2654356964318245,1.007917307261725,17.600048123549474,980.0
POTRET,Standard,fitur,5,Spectral,0.23503722033158345,1.0319555196275267,19.851830260283453,983.0
SERI,Quantile,PCA3,3,Spectral,0.26911858817397927,1.0539716122750091,17.741479171210944,996.0
SERI,Quantile,PCA3,5,GMM,0.2813466490065626,1.1495494094871253,19.26971550182361,997.0
LINTASAN,Quantile,PCA3,3,KMeans,0.28458494649574273,1.1293576039702853,17.92581276531006,1000.0
SERI,Standard,PCA3,6,GMM,0.2949930185442551,1.1260948748612933,16.46843003614814,1003.0
POTRET,Quantile,fitur,5,Spectral,0.23674153267742482,1.2762932690719697,21.678231957090695,1011.0
LINTASAN,Quantile,PCA3,3,Ward,0.2761309386008514,1.1648865703372653,17.386481407815303,1027.0
SERI,Quantile,PCA3,6,GMM,0.2461693119167757,1.11278479600913,17.598808757092073,1033.0
LINTASAN,Quantile,PCA2,3,GMM,0.2875375597182864,1.2493393014973913,15.213682263231215,1034.0
SERI,Quantile,PCA3,3,GMM,0.2744863262053055,1.3158881578698312,18.94930699987223,1036.0
POTRET,YeoJohnson,PCA2,3,WardSpasial,0.24046017644483414,1.073119528319528,15.402258484365367,1037.0
LINTASAN,Quantile,PCA3,4,Spectral,0.25398962171845785,1.1050750860806828,15.202063044956336,1042.0
SERI,Standard,PCA2,3,GMM,0.28058174968075184,1.3767791385451635,18.04690189442654,1043.0
POTRET,YeoJohnson,PCA2,4,WardSpasial,0.13254683276169937,0.9640879815894978,13.765979447974596,1049.0
SERI,YeoJohnson,PCA3,3,GMM,0.24949359176977615,1.3806847279651793,19.780697948940638,1050.0
POTRET,Quantile,fitur,6,Spectral,0.21863353163169474,1.2577284698567193,19.10649499803479,1052.0
POTRET,YeoJohnson,fitur,3,GMM,0.2281029590693429,1.240319407630469,16.88432279088065,1063.0
LINTASAN,YeoJohnson,PCA3,3,Spectral,0.21527890676340372,1.1474080438467673,14.338228016485434,1069.0
LINTASAN,Quantile,PCA3,3,Spectral,0.21822339858214154,1.1010863618757665,11.821111881174886,1073.0
POTRET,Robust,PCA2,3,Spectral,0.2057248729940284,1.0725688569803198,11.079885049432095,1076.0
LINTASAN,Quantile,PCA2,5,GMM,0.18516737889702053,1.049051190931416,11.515772662211328,1077.0
LINTASAN,Robust,PCA3,5,Spectral,0.1738371304905,1.1037653343216514,13.142783781677528,1088.0
LINTASAN,Standard,fitur,4,KMeans,0.21192689083602945,1.406020580665213,11.8308264517153,1122.0
SERI,Robust,PCA2,5,WardSpasial,0.12493730412657576,1.5456853965101567,21.133641615084468,1125.0
LINTASAN,YeoJohnson,PCA3,3,GMM,0.225292808224414,1.5020967649433563,11.957956446442452,1128.0
LINTASAN,Standard,fitur,5,GMM,0.19514809963478852,1.291715510515838,10.202444831897804,1135.0
LINTASAN,Standard,fitur,6,GMM,0.19503317986886495,1.297684057784157,9.969988710673665,1141.0
LINTASAN,Standard,fitur,3,GMM,0.27812674562356104,1.651472548776847,10.03208938387885,1141.0
LINTASAN,Robust,PCA3,6,Spectral,0.12947087938019955,1.175586141173881,12.0844956186096,1144.0
LINTASAN,YeoJohnson,PCA3,3,WardSpasial,0.1455239732671546,1.1874730426042226,10.443901687341803,1147.0
LINTASAN,YeoJohnson,fitur,4,KMeans,0.20310754135607548,1.4692681017217002,10.341001897706937,1150.0
LINTASAN,YeoJohnson,fitur,6,Spectral,0.20144060181208961,1.3405484551124027,9.596670350570097,1151.0
LINTASAN,YeoJohnson,fitur,6,Ward,0.19934506669436852,1.3345540925519466,9.388249398789752,1152.0
LINTASAN,Standard,fitur,4,Ward,0.18637205072656815,1.4516657397729618,10.666066083005484,1153.0
LINTASAN,Robust,PCA2,4,Spectral,0.16926737223570248,1.1422452480066396,8.41444841946209,1155.0
LINTASAN,YeoJohnson,PCA3,5,GMM,0.15678850166274672,1.1869637809530695,9.1730278082434,1157.0
LINTASAN,YeoJohnson,fitur,5,KMeans,0.19795105899610477,1.4342411125182961,9.890855448828155,1158.0
LINTASAN,YeoJohnson,fitur,3,KMeans,0.19186845616055193,1.535741469102292,10.955086954544642,1162.0
SERI,Standard,PCA3,6,WardSpasial,0.13582522553512352,1.4629635098415708,13.396050494724365,1165.0
SERI,YeoJohnson,PCA2,4,WardSpasial,0.11633375573845378,1.5019405347024275,18.540097509545813,1167.0
LINTASAN,YeoJohnson,fitur,4,Ward,0.20616255819520157,1.4788843925349417,9.218159494314797,1167.0
POTRET,Robust,PCA3,3,Spectral,0.17338791897705752,1.2184474345053795,7.566755150470991,1174.0
LINTASAN,YeoJohnson,fitur,5,Ward,0.17601895514874297,1.4167619026630118,9.357469868043506,1177.0
POTRET,Robust,fitur,3,Spectral,0.16376799774975875,1.250991931276686,7.989053108233128,1179.0
LINTASAN,Standard,fitur,6,Spectral,0.15381493671100854,1.3078682601890208,8.71693012865529,1181.0
SERI,Robust,PCA3,6,WardSpasial,0.1576709149940325,1.7435153681105653,12.60282560319775,1186.0
SERI,Robust,PCA3,5,GMM,0.19238067801334482,1.9074213610904913,15.149879579839327,1192.0
SERI,YeoJohnson,PCA2,6,WardSpasial,0.09450905488399629,1.307443610865832,17.670114719909222,1192.0
LINTASAN,Standard,fitur,4,GMM,0.2032303878112157,1.5697371004175305,8.435931570530844,1193.0
SERI,YeoJohnson,PCA3,6,WardSpasial,0.14203481714963948,1.6884042210034196,12.26218112087591,1195.0
LINTASAN,Robust,fitur,5,Spectral,0.13074728950337958,1.4136105969546886,10.337074134912799,1196.0
SERI,Standard,PCA2,5,WardSpasial,0.1023418034764818,1.3322512932818378,16.232915247184717,1199.0
LINTASAN,YeoJohnson,fitur,3,Ward,0.17971210610771726,1.6774721602019973,9.821673931219989,1199.0
LINTASAN,Robust,fitur,6,Spectral,0.1458375795477001,1.3504344677481415,8.469803015924889,1199.0
LINTASAN,Standard,fitur,3,Spectral,0.15670131313754637,1.5307227838335267,9.236085643257983,1200.0
LINTASAN,YeoJohnson,fitur,5,Spectral,0.1824680119709994,1.5307303757814066,8.43502968477586,1201.0
LINTASAN,YeoJohnson,fitur,5,GMM,0.16045608964916558,1.5078364050923545,8.666452504208104,1203.0
LINTASAN,YeoJohnson,fitur,4,GMM,0.15160601525188155,1.5657097136683809,9.517466106401978,1205.0
LINTASAN,Robust,fitur,3,Spectral,0.24278051050539082,1.7141350725563615,7.842998148321768,1206.0
LINTASAN,YeoJohnson,fitur,3,GMM,0.19933253066141352,1.7101996967384954,8.690136660668143,1211.0
POTRET,YeoJohnson,PCA3,3,WardSpasial,0.12970480428836614,1.5521767803132802,9.973000329419719,1219.0
LINTASAN,Standard,fitur,4,Spectral,0.15090817227151668,1.6457168265937607,8.766704122714085,1224.0
LINTASAN,YeoJohnson,fitur,6,GMM,0.1472420428903732,1.6042724137308273,8.54404096713083,1226.0
SERI,Standard,PCA3,5,WardSpasial,0.111921049714637,1.6362465707777747,13.632874056899626,1228.0
LINTASAN,YeoJohnson,PCA3,6,GMM,0.11444525233637126,1.266808129701013,8.262169346646681,1235.0
SERI,Quantile,PCA3,6,WardSpasial,0.11254622471754949,1.5771866612562704,10.969909669712656,1242.0
LINTASAN,YeoJohnson,fitur,4,Spectral,0.14162191514971323,1.6071075533413515,8.060933361992634,1244.0
SERI,Standard,PCA2,4,WardSpasial,0.08142314521110174,1.5269193042365468,16.778970319950194,1247.0
LINTASAN,Standard,fitur,5,Spectral,0.12210823495102004,1.470669916463224,8.175108233910146,1247.0
SERI,Standard,PCA2,6,WardSpasial,0.06794421532833433,1.3130487343834973,16.089767945293648,1248.0
SERI,Standard,PCA3,4,WardSpasial,0.10770029826707361,1.6837689554812143,12.717743794875393,1250.0
SERI,Robust,PCA3,5,WardSpasial,0.13412898982841398,1.937600080943764,11.826063680049621,1251.0
SERI,Robust,PCA2,4,WardSpasial,0.0919054744088243,1.8352696020828962,19.56578635179216,1253.0
POTRET,YeoJohnson,fitur,3,WardSpasial,0.12283471947035168,1.6341326350298828,9.185847840414374,1253.0
SERI,Quantile,PCA2,4,WardSpasial,0.15218505796135362,2.863154555062322,19.334670221962284,1254.0
LINTASAN,YeoJohnson,fitur,3,Spectral,0.17831482142366262,1.8382206041200757,8.158247542516063,1255.0
SERI,Quantile,PCA3,5,WardSpasial,0.1152390184281876,1.77331970467376,11.213077198198057,1257.0
SERI,YeoJohnson,PCA2,5,WardSpasial,0.06013060342489585,1.4736371229577867,17.412956530175958,1266.0
LINTASAN,Robust,PCA2,3,Spectral,0.10184782107216651,1.1795649231673493,6.737468687062663,1270.0
LINTASAN,Quantile,fitur,5,KMeans,0.12567210468299503,1.5812887072435677,6.595068090423055,1280.0
SERI,YeoJohnson,PCA3,5,WardSpasial,0.11169087873776005,1.9149259802302727,12.156103055737043,1286.0
LINTASAN,YeoJohnson,PCA3,4,WardSpasial,0.09843884288557453,1.5252003097253521,8.729297731447632,1290.0
LINTASAN,Robust,PCA3,4,Spectral,0.0975814666399562,1.3051219306804036,6.967922694482381,1290.0
SERI,Standard,PCA3,3,WardSpasial,0.12097265947210466,2.085683412880899,11.685981661147043,1294.0
LINTASAN,YeoJohnson,PCA2,3,WardSpasial,0.08547673150482957,1.5557585696635956,10.079376431393765,1296.0
SERI,Quantile,PCA3,4,WardSpasial,0.11067751347824012,1.8651986029729484,10.818492009088251,1299.0
POTRET,YeoJohnson,PCA3,5,WardSpasial,0.0882390530217576,1.6907915465996102,10.769241951077806,1300.0
POTRET,YeoJohnson,PCA3,6,WardSpasial,0.08115947582719239,1.6569376936555187,10.532823731327403,1308.0
LINTASAN,Quantile,fitur,3,KMeans,0.11729839109079862,1.782169973417746,7.328681165200479,1312.0
SERI,YeoJohnson,PCA2,3,WardSpasial,0.09690712402392752,1.967366742330151,13.705554758524746,1312.0
LINTASAN,YeoJohnson,fitur,4,WardSpasial,0.165466048933829,1.8404219701671551,5.399678411636647,1315.0
SERI,YeoJohnson,fitur,3,KMeans,0.14675118483469715,2.1179634113596912,7.523062952699165,1316.0
SERI,Standard,fitur,3,KMeans,0.14294190926106143,2.1260110200335043,7.775237074434295,1320.0
SERI,Standard,fitur,3,Spectral,0.14294190926106143,2.1260110200335043,7.775237074434294,1321.0
SERI,Quantile,PCA2,3,WardSpasial,0.1141478389080104,2.256247196200602,13.228077880116434,1322.0
POTRET,YeoJohnson,PCA3,4,WardSpasial,0.07721397713763802,1.57412998393723,9.399668060508894,1322.0
SERI,Standard,fitur,6,Spectral,0.1265399252663017,1.7029558286824997,5.412388213634426,1323.0
LINTASAN,Quantile,fitur,4,Ward,0.11509107464993135,1.753696839263587,6.555385963435769,1323.0
SERI,Standard,fitur,4,KMeans,0.13678226467993698,1.9523936049190262,6.522646025594789,1325.0
SERI,YeoJohnson,fitur,3,Spectral,0.14540447691314837,2.1407896211160655,7.482920292785002,1327.0
SERI,YeoJohnson,PCA3,3,WardSpasial,0.11423574232696908,2.170340514806211,10.54679342079725,1329.0
LINTASAN,YeoJohnson,PCA2,4,WardSpasial,-0.002596907995083462,1.3883462155039181,9.65658651053124,1331.0
SERI,Standard,fitur,4,Average,0.12931100573504212,1.706221610885664,4.960232139392589,1336.0
SERI,Standard,fitur,3,Average,0.14535754415634697,2.0395476795462106,6.284247713758922,1336.0
SERI,Robust,fitur,5,Average,0.14142249704537022,1.7160713986465275,4.639498641527462,1337.0
SERI,YeoJohnson,PCA3,4,WardSpasial,0.13348773902543754,7.326189015484337,11.720522066703678,1338.0
SERI,YeoJohnson,fitur,3,Ward,0.13878339443861934,2.134151865170232,6.898021764828038,1339.0
SERI,Standard,fitur,3,GMM,0.13649184693261388,2.192489519305831,7.0964239027959595,1344.0
LINTASAN,Quantile,fitur,4,GMM,0.10300545305266257,1.7465298147424122,6.612387036868445,1344.0
SERI,Standard,fitur,4,Spectral,0.12309603979150018,1.9422233812144762,6.3974401981139195,1346.0
SERI,YeoJohnson,fitur,4,KMeans,0.12757656306110496,1.996958637787545,6.4047025691086334,1348.0
SERI,Standard,fitur,3,Ward,0.1327172173707826,2.2053394384414795,7.4532777708095646,1349.0
SERI,Robust,PCA3,3,WardSpasial,0.09897660214724921,2.2376785634531253,12.358118708238452,1351.0
SERI,Standard,fitur,6,KMeans,0.12356621972910352,1.8467913522841155,5.420127786663608,1353.0
SERI,YeoJohnson,fitur,3,GMM,0.1335803953053107,2.2192655741828062,7.03408025548882,1353.0
LINTASAN,Quantile,fitur,4,Spectral,0.10769255750683909,1.7924368289574293,6.391446154408655,1357.0
SERI,Standard,fitur,5,KMeans,0.12114914115796348,1.923795753282309,5.804898340862235,1359.0
LINTASAN,Quantile,fitur,3,Ward,0.10670071162234142,1.8292813973603839,6.484938672150925,1361.0
LINTASAN,Quantile,fitur,5,Spectral,0.11181217083601158,1.8052099114311915,5.678439747449797,1363.0
SERI,Robust,fitur,4,KMeans,0.1264022900197562,1.9934630365153503,5.570618726000082,1366.0
SERI,Robust,PCA3,4,WardSpasial,0.10207980793504366,2.3274316109723387,11.564284637932928,1368.0
SERI,Standard,fitur,5,Average,0.11766566087682075,1.8281233579232612,5.157107892028575,1368.0
SERI,YeoJohnson,fitur,5,KMeans,0.11524479288184274,1.9095000181575557,5.700980958242054,1369.0
SERI,YeoJohnson,fitur,5,Ward,0.11873132502987924,1.9215826175729531,5.541370190161747,1369.0
SERI,YeoJohnson,fitur,6,Average,0.11539282540786559,1.7750155824637748,4.872088375543155,1372.0
SERI,YeoJohnson,fitur,6,Ward,0.12090231682001697,1.8768069968751802,5.251552678725777,1373.0
SERI,YeoJohnson,fitur,4,Spectral,0.1175064391831548,2.0793366680220555,6.275894617604301,1374.0
SERI,YeoJohnson,fitur,4,Average,0.11268854010528764,1.8563310416694756,5.4906908130443695,1378.0
LINTASAN,YeoJohnson,PCA2,5,WardSpasial,-0.03262840297103659,1.7525066922884567,9.714899265417975,1378.0
LINTASAN,Quantile,fitur,3,GMM,0.10982002249768893,1.889771520620105,6.061004888578545,1379.0
SERI,YeoJohnson,fitur,4,Ward,0.11240743673973305,1.9559060046135497,6.123907678588939,1380.0
SERI,Robust,fitur,3,KMeans,0.1230570408501785,2.280025142357419,6.73432872107351,1383.5
SERI,Robust,fitur,3,GMM,0.1230570408501785,2.280025142357419,6.73432872107351,1383.5
SERI,Standard,PCA2,3,WardSpasial,0.07426431099798282,2.2472845886221173,13.472219170782898,1384.0
LINTASAN,Quantile,fitur,3,Spectral,0.08326852559599664,1.7976403129736578,6.432860814607764,1389.0
SERI,YeoJohnson,fitur,5,Spectral,0.11125806914507988,1.9468217384049964,5.738900731588449,1389.0
SERI,YeoJohnson,fitur,4,GMM,0.11471098640348937,2.0851308239434685,5.980016717694162,1389.0
SERI,YeoJohnson,fitur,6,Spectral,0.10763103403330025,1.8046448519383544,5.196954124036165,1392.0
SERI,Standard,fitur,5,Ward,0.10498311339780521,1.8530550904847936,5.554886426911206,1392.0
SERI,Standard,fitur,4,GMM,0.10984875279431795,2.0314356472253534,6.268728847239675,1395.0
SERI,YeoJohnson,fitur,6,KMeans,0.10956601123467423,1.8500325992262916,5.226861566214978,1395.0
SERI,Standard,fitur,6,Ward,0.10723591922147048,1.8316253495634855,5.171523435081624,1400.0
SERI,Robust,fitur,6,KMeans,0.11130269157984424,1.8509904058660744,4.902250212463843,1401.0
SERI,YeoJohnson,fitur,5,Average,0.10233983352859756,1.7527413164594319,4.716797992372797,1402.0
SERI,Robust,fitur,3,Ward,0.12095430515968796,2.2695551951649544,6.261314836093662,1403.0
SERI,Standard,fitur,4,Ward,0.10108170491933319,1.9821940295298046,6.2730332053405204,1405.0
SERI,Standard,fitur,5,Spectral,0.10892765514717705,1.998503847587255,5.715389500987356,1405.0
LINTASAN,Quantile,fitur,5,GMM,0.09248422432494713,1.795092065177093,5.1864368116239215,1410.0
SERI,YeoJohnson,fitur,3,Average,0.1095005438695456,1.998567455657147,5.428616747678297,1415.0
LINTASAN,Robust,PCA3,3,Spectral,0.03371572388679926,1.3383412118362876,4.717225744987585,1418.0
SERI,Robust,fitur,6,Ward,0.09048942861363142,1.7734462086710643,4.767267333458281,1420.0
SERI,Robust,fitur,3,Spectral,0.11157070834653476,2.361087432999059,6.47867976413682,1423.0
SERI,Robust,PCA2,3,WardSpasial,0.03970695195985677,5.198182874431214,17.030329964840067,1432.0
LINTASAN,Quantile,fitur,6,Spectral,0.07993024543250937,1.8316083257314464,5.208335772259376,1433.0
LINTASAN,YeoJohnson,PCA2,6,WardSpasial,-0.029036667193740984,2.215843439861597,10.554854546382478,1434.0
SERI,Standard,fitur,5,GMM,0.09928943269721283,2.120084104692938,5.535050121364126,1434.0
SERI,Quantile,PCA3,3,WardSpasial,0.08987509757077046,2.728959018282613,8.815782217211595,1437.0
LINTASAN,Robust,fitur,4,Spectral,0.016256022710977373,1.773395580881525,5.845697149272203,1441.0
SERI,Robust,fitur,5,KMeans,0.09311067628549535,1.9694043697752626,5.130651776803459,1444.0
SERI,Robust,fitur,5,Ward,0.08072182522489582,1.8561517442022761,5.058578119285309,1447.0
SERI,Robust,fitur,4,Spectral,0.09305565725364798,2.13179737961552,5.454918972275591,1448.0
SERI,Robust,fitur,5,GMM,0.08557412713448555,1.938223503921924,5.000658053443189,1451.0
SERI,Robust,fitur,4,Ward,0.07149003932793203,2.083643381279206,5.500348759097444,1470.0
SERI,Robust,fitur,4,GMM,0.09133271106274514,2.232942523154763,5.37518156330955,1471.0
SERI,Robust,fitur,6,Spectral,0.08651534092290476,1.9580759608490788,4.569826527712162,1471.0
SERI,YeoJohnson,fitur,5,GMM,0.09409692912002074,2.253615236685162,5.234690344656711,1472.0
LINTASAN,YeoJohnson,PCA3,5,WardSpasial,0.07719108761240055,2.806685058186621,7.205935037756711,1484.0
LINTASAN,YeoJohnson,PCA3,6,WardSpasial,0.030312926768843947,2.709520566657254,7.559012648079401,1508.0
SERI,Robust,fitur,5,Spectral,0.06781201081215164,2.0873157847832315,4.640493896784734,1508.0
SERI,Standard,fitur,6,GMM,0.07680097094707955,2.1938188671278986,4.684702832257745,1509.0
SERI,Quantile,fitur,3,KMeans,0.08962387323950406,2.6027407903476565,4.692647866021766,1518.0
SERI,Standard,fitur,6,WardSpasial,0.07456976019995773,2.1373717787066013,4.135817219069573,1519.0
SERI,Quantile,fitur,3,Spectral,0.09118410229190448,2.678003268693297,4.6320957258763,1523.0
SERI,Quantile,fitur,3,Ward,0.0891937333720639,2.6774347567898835,4.495147861359562,1531.0
SERI,Quantile,fitur,4,KMeans,0.08368960036647627,2.471963812798302,3.9784182629840075,1538.0
SERI,Standard,fitur,3,WardSpasial,0.07976045831945,3.0050541723794786,4.888340956765243,1539.0
SERI,YeoJohnson,fitur,6,GMM,0.07540751704561667,2.3397347825785717,4.471540962774412,1539.0
SERI,Quantile,fitur,6,Spectral,0.06926402066555241,2.187932672649327,3.182789356038367,1541.0
SERI,Robust,fitur,6,WardSpasial,0.07108895817159377,2.245478670592308,3.9973711924348487,1541.0
SERI,Quantile,fitur,3,GMM,0.08274725339585105,2.6351317817654754,4.317048074371419,1542.0
SERI,YeoJohnson,fitur,5,WardSpasial,0.07779438439240373,2.5189509444626923,4.3575623444185245,1544.0
SERI,Quantile,fitur,6,Ward,0.06280428839748137,2.189700210138797,3.436967891765476,1549.0
SERI,YeoJohnson,fitur,6,WardSpasial,0.0686885620681634,2.294401878962079,4.056428181467462,1551.0
SERI,Standard,fitur,5,WardSpasial,0.06940052280377242,2.5075671837337454,4.429516255226049,1552.0
SERI,YeoJohnson,fitur,3,WardSpasial,0.07956249435607783,3.0325733266416264,4.622426944746828,1552.0
SERI,Quantile,fitur,5,KMeans,0.06390896165677688,2.2265505264630434,3.44037797433598,1553.0
SERI,Robust,fitur,6,GMM,0.05684338153328538,2.202871313783397,3.9108486925740342,1553.0
SERI,YeoJohnson,fitur,4,WardSpasial,0.0811346036137289,3.1826781334093086,4.505156058464657,1554.0
SERI,Standard,fitur,4,WardSpasial,0.07747219199599421,3.156825350024069,4.583256212872486,1557.0
SERI,Quantile,fitur,6,KMeans,0.06311027051448827,2.2244013826910156,3.2473997808705786,1557.0
SERI,Robust,fitur,4,WardSpasial,0.07254550931524457,2.682526132508542,4.370498509602581,1559.0
SERI,Robust,fitur,5,WardSpasial,0.06552809009789323,2.438242403719025,4.110036350386709,1560.0
SERI,Robust,fitur,3,WardSpasial,0.06723220897233019,3.119550749286788,4.751551805677909,1562.0
SERI,Quantile,fitur,5,Ward,0.058342656190258316,2.290993560076649,3.6196301651178335,1568.0
SERI,Quantile,fitur,4,Spectral,0.06503432350542121,2.4708972727330973,3.708951675189091,1568.0
SERI,Quantile,fitur,4,Ward,0.05525040109979862,2.4116954985207215,3.922545278805036,1574.0
SERI,Quantile,fitur,6,GMM,0.05903953913007919,2.311115349633543,3.0183173029555315,1580.0
SERI,Quantile,fitur,4,GMM,0.0638306864082609,2.781458450216914,3.3652210825224573,1589.0
SERI,Quantile,fitur,5,Spectral,0.05779664993214895,2.6145820457560536,3.1595487911922624,1590.0
SERI,Quantile,fitur,5,GMM,0.05267083330880245,2.58392389118301,3.1167375302093396,1596.0
SERI,Quantile,fitur,6,WardSpasial,0.0531983059882732,2.5485501780738984,2.9138103150966406,1598.0
SERI,Quantile,fitur,5,WardSpasial,0.054819495902566004,2.726703932199966,3.0643932718533913,1603.0
SERI,Quantile,fitur,4,WardSpasial,0.053985375877545545,2.960661650329938,3.1070791073360535,1608.0
SERI,Quantile,fitur,3,WardSpasial,0.04806709262229669,3.4785591248438386,3.1292182875190173,1615.0
