,61-70,71-80,81-90,91-00,01-10,11-20
Afghanistan,1,1,1,1,1,1
Armenia,1,1,2,1,1,1
Australia,0,0,0,0,0,0
Azerbaijan,2,2,2,2,2,2
Bangladesh,1,1,1,1,1,1
Brunei,2,3,3,2,3,3
Cambodia,4,1,4,4,4,4
China,1,1,1,1,2,2
Georgia,1,1,2,1,1,2
India,1,1,1,1,1,1
Indonesia,4,4,4,4,4,4
Iran,2,2,2,2,2,2
Iraq,2,2,2,2,2,2
Israel,2,2,2,2,2,2
Japan,1,2,2,2,2,2
Jordan,1,1,1,1,1,1
Kazakhstan,0,2,3,2,3,3
Kuwait,3,3,3,3,3,3
Kyrgyzstan,2,2,2,1,1,1
Laos,4,4,4,4,4,4
Lebanon,1,1,1,1,2,2
Malaysia,4,4,4,4,4,4
Mongolia,0,0,0,0,0,0
Myanmar,4,4,1,4,4,4
Nepal,1,4,1,1,1,1
New Zealand,0,0,0,0,0,0
North Korea,1,2,2,1,1,1
Pakistan,1,1,1,1,1,1
Papua New Guinea,1,4,4,4,4,4
Philippines,4,4,1,1,1,1
Qatar,3,3,3,3,3,3
Saudi Arabia,2,3,3,3,3,3
Singapore,2,2,2,2,2,2
South Korea,1,1,2,2,2,2
Sri Lanka,4,1,1,1,1,1
Syria,1,1,2,2,2,1
Tajikistan,2,1,2,1,1,1
Thailand,4,4,4,1,4,2
Turkey,4,4,1,1,2,2
Turkmenistan,2,2,3,2,3,3
United Arab Emirates,2,3,3,3,3,3
Uzbekistan,2,2,2,2,2,2
Vietnam,1,1,1,4,4,4
Yemen,1,1,1,1,1,1
