country,iso,lat,lon,is_asean,is_monsun
Afghanistan,AFG,34.5553,69.2075,0,0
Armenia,ARM,40.1792,44.4991,0,0
Australia,AUS,-35.2809,149.13,0,0
Azerbaijan,AZE,40.4093,49.8671,0,0
Bangladesh,BGD,23.8103,90.4125,0,1
Brunei,BRN,4.9031,114.9398,1,1
Cambodia,KHM,11.5564,104.9282,1,1
China,CHN,39.9042,116.4074,0,1
Georgia,GEO,41.7151,44.8271,0,0
India,IND,28.6139,77.209,0,1
Indonesia,IDN,-6.2088,106.8456,1,1
Iran,IRN,35.6892,51.389,0,0
Iraq,IRQ,33.3152,44.3661,0,0
Israel,ISR,31.7683,35.2137,0,0
Japan,JPN,35.6895,139.6917,0,1
Jordan,JOR,31.9454,35.9284,0,0
Kazakhstan,KAZ,51.1605,71.4704,0,0
Kuwait,KWT,29.3759,47.9774,0,0
Kyrgyzstan,KGZ,42.8746,74.5698,0,0
Laos,LAO,17.9757,102.6331,1,1
Lebanon,LBN,33.8938,35.5018,0,0
Malaysia,MYS,3.139,101.6869,1,1
Mongolia,MNG,47.8864,106.9057,0,0
Myanmar,MMR,19.7633,96.0785,1,1
Nepal,NPL,27.7172,85.324,0,1
New Zealand,NZL,-41.2866,174.7756,0,0
North Korea,PRK,39.0392,125.7625,0,1
Pakistan,PAK,33.6844,73.0479,0,1
Papua New Guinea,PNG,-9.4438,147.1803,0,0
Philippines,PHL,14.5995,120.9842,1,1
Qatar,QAT,25.2854,51.531,0,0
Saudi Arabia,SAU,24.7136,46.6753,0,0
Singapore,SGP,1.3521,103.8198,1,1
South Korea,KOR,37.5665,126.978,0,1
Sri Lanka,LKA,6.9271,79.8612,0,1
Syria,SYR,33.5138,36.2765,0,0
Tajikistan,TJK,38.5598,68.787,0,0
Thailand,THA,13.7563,100.5018,1,1
Turkey,TUR,39.9334,32.8597,0,0
Turkmenistan,TKM,37.9601,58.3261,0,0
United Arab Emirates,ARE,24.4539,54.3773,0,0
Uzbekistan,UZB,41.2995,69.2401,0,0
Vietnam,VNM,21.0278,105.8342,1,1
Yemen,YEM,15.3694,44.191,0,0
