country,z,Wz,Ii,p,kuadran,lisa,ASEAN
Afghanistan,0.027,-0.3263,-0.0438,0.082,High-Low,Tidak signifikan,False
Armenia,-0.3213,-0.2013,0.3214,0.412,Low-Low,Tidak signifikan,False
Australia,0.6104,0.8531,2.5867,0.002,High-High,High-High,False
Azerbaijan,-0.1005,-0.2685,0.1341,0.236,Low-Low,Tidak signifikan,False
Bangladesh,-0.2477,0.2517,-0.3097,0.29,Low-High,Tidak signifikan,False
Brunei,0.7068,0.3164,1.1109,0.122,High-High,Tidak signifikan,True
Cambodia,0.9126,0.66,2.9921,0.002,High-High,High-High,True
China,-0.3293,-0.1454,0.2379,0.522,Low-Low,Tidak signifikan,False
Georgia,-0.3293,-0.1994,0.3261,0.478,Low-Low,Tidak signifikan,False
India,-0.3243,-0.1871,0.3014,0.452,Low-Low,Tidak signifikan,False
Indonesia,0.7803,0.4967,1.9254,0.016,High-High,High-High,True
Iran,-0.0942,-0.2596,0.1215,0.27,Low-Low,Tidak signifikan,False
Iraq,-0.2814,-0.268,0.3747,0.234,Low-Low,Tidak signifikan,False
Israel,-0.3293,-0.2873,0.47,0.2,Low-Low,Tidak signifikan,False
Japan,-0.2862,-0.1706,0.2425,0.506,Low-Low,Tidak signifikan,False
Jordan,-0.2213,-0.3143,0.3455,0.138,Low-Low,Tidak signifikan,False
Kazakhstan,-0.3293,-0.3275,0.5357,0.074,Low-Low,Tidak signifikan,False
Kuwait,-0.3273,-0.2533,0.4118,0.264,Low-Low,Tidak signifikan,False
Kyrgyzstan,-0.3293,-0.3275,0.5357,0.072,Low-Low,Tidak signifikan,False
Laos,0.9244,0.6197,2.846,0.006,High-High,High-High,True
Lebanon,-0.3173,-0.3023,0.4765,0.18,Low-Low,Tidak signifikan,False
Malaysia,0.6798,0.4984,1.6832,0.018,High-High,High-High,True
Mongolia,0.043,-0.2493,-0.0532,0.308,High-Low,Tidak signifikan,False
Myanmar,0.5307,0.4281,1.1286,0.042,High-High,High-High,True
Nepal,-0.1239,-0.0926,0.057,0.616,Low-Low,Tidak signifikan,False
New Zealand,0.9614,0.7653,3.6551,0.002,High-High,High-High,False
North Korea,-0.0093,-0.2254,0.0105,0.396,Low-Low,Tidak signifikan,False
Pakistan,-0.3293,-0.2372,0.388,0.306,Low-Low,Tidak signifikan,False
Papua New Guinea,0.9638,0.5207,2.4934,0.008,High-High,High-High,False
Philippines,-0.0144,0.7416,-0.0532,0.004,Low-High,Low-High,True
Qatar,-0.3223,-0.3133,0.5016,0.128,Low-Low,Tidak signifikan,False
Saudi Arabia,-0.3154,-0.3151,0.4936,0.174,Low-Low,Tidak signifikan,False
Singapore,-0.3124,0.7699,-1.1948,0.004,Low-High,Low-High,True
South Korea,-0.3293,-0.1454,0.2379,0.506,Low-Low,Tidak signifikan,False
Sri Lanka,0.0409,0.1931,0.0393,0.458,High-High,Tidak signifikan,False
Syria,-0.3293,-0.2873,0.47,0.206,Low-Low,Tidak signifikan,False
Tajikistan,-0.3223,-0.2402,0.3845,0.322,Low-Low,Tidak signifikan,False
Thailand,0.6131,0.6976,2.1246,0.002,High-High,High-High,True
Turkey,-0.3293,-0.2993,0.4895,0.174,Low-Low,Tidak signifikan,False
Turkmenistan,-0.3293,-0.2116,0.346,0.388,Low-Low,Tidak signifikan,False
United Arab Emirates,-0.3293,-0.2648,0.4331,0.246,Low-Low,Tidak signifikan,False
Uzbekistan,-0.3293,-0.2384,0.39,0.338,Low-Low,Tidak signifikan,False
Vietnam,0.4226,0.7452,1.5646,0.002,High-High,High-High,True
Yemen,-0.3243,-0.3235,0.5212,0.102,Low-Low,Tidak signifikan,False
