country,luc_pc,ch4_pc,n2o_pc,co2_pc,populasi,is_asean,lat,lon,pangsa_global_luc
Afghanistan,0.1815,0.4051,0.1219,0.2629,38257098.4,0,34.5553,69.2075,0.398
Armenia,0.0931,0.574,0.321,2.2327,2912824.0,0,40.1792,44.4991,0.001
Australia,2.3516,5.8493,2.6437,15.7188,25467694.1,0,-35.2809,149.13,0.908
Azerbaijan,0.4442,1.2151,0.3324,3.703,10110626.9,0,40.4093,49.8671,0.058
Bangladesh,0.084,0.547,0.1765,0.5631,165918855.0,0,23.8103,90.4125,0.323
Brunei,2.1976,6.3054,0.6822,22.974,443928.2,1,4.9031,114.9398,0.018
Cambodia,2.7778,1.3955,0.2941,1.0095,16626945.8,1,11.5564,104.9282,0.947
China,-0.1582,1.0006,0.3277,7.6886,1417469997.8,0,39.9042,116.4074,-6.966
Georgia,-2.2794,0.8359,0.4692,2.8218,3796216.8,0,41.7151,44.8271,-0.145
India,0.0668,0.5825,0.204,1.8919,1392656574.3,0,28.6139,77.209,0.165
Indonesia,3.1045,1.2983,0.2526,2.3853,273129600.5,1,-6.2088,106.8456,12.565
Iran,0.0779,1.7661,0.3303,8.2975,87250763.4,0,35.6892,51.389,0.529
Iraq,0.0717,3.803,0.161,4.4951,41719975.8,0,33.3152,44.3661,0.049
Israel,0.0978,0.9292,0.2941,6.792,8728202.5,0,31.7683,35.2137,-0.001
Japan,0.0087,0.2405,0.151,8.659,126021880.5,0,35.6895,139.6917,0.12
Jordan,0.0833,0.5016,0.1402,2.2312,10709949.1,0,31.9454,35.9284,0.029
Kazakhstan,-0.5174,2.6946,0.6028,15.1617,19342500.5,0,51.1605,71.4704,-0.17
Kuwait,0.0024,8.9259,0.2609,23.9215,4388241.4,0,29.3759,47.9774,0.0
Kyrgyzstan,-0.0246,1.1135,0.2762,1.5583,6586620.8,0,42.8746,74.5698,-0.007
Laos,4.3543,1.4195,0.4398,2.6623,7288783.3,1,17.9757,102.6331,0.424
Lebanon,0.0098,0.6284,0.1782,3.695,5947885.8,0,33.8938,35.5018,0.002
Malaysia,2.7589,0.8562,0.261,7.8719,33528110.0,1,3.139,101.6869,1.352
Mongolia,1.1902,11.0766,4.2366,11.7488,3244550.2,0,47.8864,106.9057,0.034
Myanmar,1.7136,1.1895,0.293,0.5541,52818697.3,1,19.7633,96.0785,1.62
Nepal,0.3218,0.9496,0.2346,0.491,28778681.3,0,27.7172,85.324,0.147
New Zealand,3.522,7.2591,2.771,6.911,4972790.1,0,-41.2866,174.7756,0.3
North Korea,0.4136,0.8502,0.0952,2.1751,26067488.9,0,39.0392,125.7625,0.218
Pakistan,0.0111,0.8545,0.2734,0.8418,233538740.4,0,33.6844,73.0479,-0.374
Papua New Guinea,3.8126,0.3952,0.1848,0.783,9688517.8,0,-9.4438,147.1803,0.61
Philippines,0.4324,0.6996,0.1484,1.2629,111031979.1,1,14.5995,120.9842,0.934
Qatar,0.0097,8.0961,0.2996,37.8564,2783085.3,0,25.2854,51.531,0.0
Saudi Arabia,0.0087,3.4864,0.3413,21.213,31403504.7,0,24.7136,46.6753,0.01
Singapore,0.0175,0.903,0.2319,8.8323,5644910.3,1,1.3521,103.8198,0.002
South Korea,-0.0812,0.6417,0.2724,12.0842,51613247.9,0,37.5665,126.978,-0.079
Sri Lanka,0.5605,0.4636,0.1022,0.9116,22456425.7,0,6.9271,79.8612,0.226
Syria,-0.1353,0.3574,0.1846,1.5251,21118232.5,0,33.5138,36.2765,-0.139
Tajikistan,0.1216,0.7782,0.2278,0.8776,9631190.8,0,38.5598,68.787,0.002
Thailand,1.3407,1.3209,0.3085,3.8647,71393373.9,1,13.7563,100.5018,2.448
Turkey,-0.0987,1.1571,0.454,5.1431,84910432.8,0,39.9334,32.8597,-0.208
Turkmenistan,0.0324,3.5275,0.9586,10.7811,6867343.0,0,37.9601,58.3261,-0.007
United Arab Emirates,-0.003,3.6589,0.2463,22.0637,9681345.4,0,24.4539,54.3773,0.0
Uzbekistan,-0.0401,1.5308,0.4287,3.4232,33397446.7,0,41.2995,69.2401,-0.017
Vietnam,1.4696,0.9599,0.289,3.0434,97344627.1,1,21.0278,105.8342,2.469
Yemen,-0.0025,0.34,0.1321,0.308,35702787.3,0,15.3694,44.191,0.004
