year,populasi,ch4,n2o,luc,co2,ghg,kum_luc,pangan_ghg,pangsa_ch4,pangsa_n2o,ch4_pc,n2o_pc,populasi_jt
1961,220522267.0,272.043,43.668,1100.666,56.905,1328.448,70775.575,1416.377,5.547125,3.366948,1.233631,0.198021,220.522267
1962,226689286.0,280.398,44.971,1212.118,58.658,1416.231,71987.693,1537.487,5.628866,3.351063,1.236927,0.198382,226.689286
1963,233099921.0,277.028,45.642,1212.595,61.562,1432.496,73200.287,1535.265,5.426293,3.292506,1.188452,0.195804,233.099921
1964,239672650.0,285.55,46.705,1201.203,69.167,1451.611,74401.486,1533.458,5.485459,3.251914,1.191417,0.19487,239.67265
1965,246035480.0,290.205,48.051,1090.155,73.649,1373.881,75491.644,1428.411,5.431005,3.218307,1.179525,0.195301,246.03548
1966,252309325.0,295.469,49.328,1085.9,82.415,1396.386,76577.55,1430.697,5.327991,3.168526,1.171059,0.195506,252.309325
1967,258901530.0,295.605,50.413,1155.543,95.58,1466.863,77733.087,1501.561,5.270956,3.124649,1.141766,0.194719,258.90153
1968,265690512.0,309.872,53.544,1114.091,110.12,1475.173,78847.18,1477.507,5.434169,3.21536,1.166289,0.201528,265.690512
1969,272662344.0,311.131,54.074,1691.361,119.156,1988.6,80538.537,2056.566,5.286785,3.171497,1.141085,0.198319,272.662344
1970,279616769.0,320.137,57.392,1345.652,151.038,1785.172,81884.196,1723.181,5.303014,3.315002,1.144913,0.205252,279.616769
1971,286591603.0,321.695,56.946,1550.442,156.413,1870.786,83434.631,1929.083,5.311329,3.311469,1.122486,0.198701,286.591603
1972,293698762.0,321.227,58.212,1548.323,169.068,1829.128,84982.953,1927.762,5.194517,3.268976,1.093729,0.198203,293.698762
1973,300860150.0,341.01,60.139,1592.523,182.904,1906.38,86575.48,1993.672,5.373974,3.270345,1.13345,0.19989,300.86015
1974,308005648.0,339.757,57.513,1550.288,178.553,1890.735,88125.768,1947.558,5.339307,3.10507,1.103087,0.186727,308.005648
1975,315049569.0,343.85,58.196,1508.671,187.706,1879.17,89634.438,1910.717,5.332437,3.052109,1.091416,0.18472,315.049569
1976,322129732.0,350.45,58.477,1516.806,203.729,1909.823,91151.245,1925.733,5.354814,2.990426,1.087916,0.181532,322.129732
1977,329380358.0,362.57,60.499,1431.718,228.267,1888.884,92582.964,1854.787,5.470642,3.022151,1.100764,0.183675,329.380358
1978,336787026.0,369.472,62.546,1445.309,252.12,1947.64,94028.272,1877.327,5.549834,3.065799,1.097049,0.185714,336.787026
1979,344448601.0,368.216,63.485,1389.553,261.277,1909.858,95417.825,1821.254,5.394454,3.025814,1.069001,0.184309,344.448601
1980,352461045.0,377.217,66.514,1366.865,259.556,1915.214,96784.692,1810.596,5.559026,3.141117,1.070237,0.188713,352.461045
1981,360743672.0,383.197,70.588,1302.105,254.718,1871.28,98086.796,1755.89,5.796547,3.411441,1.062242,0.195674,360.743672
1982,369281555.0,377.624,75.713,1158.599,263.813,1783.67,99245.397,1611.936,5.650304,3.55945,1.022591,0.205028,369.281555
1983,378123806.0,387.165,80.545,1087.053,281.871,1777.404,100332.447,1554.763,5.791881,3.719895,1.023911,0.213012,378.123806
1984,387108982.0,394.65,80.783,1942.371,281.676,2441.398,102274.818,2417.804,5.831597,3.70957,1.01948,0.208683,387.108982
1985,395933387.0,403.755,81.149,2249.88,296.985,2740.428,104524.697,2734.784,5.888023,3.727708,1.019755,0.204956,395.933387
1986,404523916.0,410.067,86.514,2561.669,304.53,3001.27,107086.367,3058.25,5.906976,3.959947,1.013703,0.213866,404.523916
1987,413106839.0,409.388,88.696,2195.673,314.96,2739.14,109282.044,2693.757,5.845102,3.973865,0.990998,0.214705,413.106839
1988,421779087.0,421.622,90.841,1801.922,342.476,2506.116,111083.958,2314.385,5.925109,4.075037,0.999628,0.215376,421.779087
1989,430444010.0,434.141,90.387,1619.153,362.051,2405.132,112703.115,2143.681,5.968135,4.0173,1.008589,0.209985,430.44401
1990,439230691.0,438.078,94.705,1142.013,412.45,2160.617,113845.124,1674.796,5.983867,4.179018,0.997376,0.215616,439.230691
1991,447947211.0,451.607,98.24,1004.376,456.882,2126.353,114849.498,1554.223,6.215423,4.340597,1.00817,0.219312,447.947211
1992,456712995.0,465.518,103.391,1157.84,507.902,2323.379,116007.343,1726.749,6.40434,4.551233,1.019279,0.226381,456.712995
1993,465551789.0,472.488,99.921,1019.413,557.433,2274.261,117026.756,1591.822,6.506599,4.427317,1.014899,0.214629,465.551789
1994,474352269.0,482.465,104.194,1318.504,598.017,2565.156,118345.265,1905.163,6.576411,4.556078,1.017103,0.219655,474.352269
1995,483291162.0,492.422,108.225,1287.073,630.271,2582.202,119632.336,1887.72,6.630833,4.619151,1.018893,0.223933,483.291162
1996,492285851.0,507.088,114.142,1197.029,695.883,2594.855,120829.363,1818.259,6.749647,4.768759,1.030068,0.231861,492.285851
1997,501305394.0,515.371,114.087,2916.36,766.613,4384.333,123745.723,3545.818,6.885173,4.854473,1.028058,0.22758,501.305394
1998,510124894.0,501.266,122.687,1300.966,692.795,2622.577,125046.688,1924.919,6.756305,5.158024,0.982634,0.240504,510.124894
1999,518460167.0,517.091,121.239,1274.558,745.688,2680.703,126321.248,1912.888,6.953851,5.054361,0.997359,0.233844,518.460167
2000,526378924.0,520.879,122.423,1365.118,753.12,2732.268,127686.36,2008.42,6.903869,5.121763,0.989551,0.232576,526.378924
2001,534047051.0,527.691,121.984,1122.078,807.131,2606.923,128808.438,1771.753,7.013659,5.113726,0.988098,0.228414,534.047051
2002,541484324.0,528.818,119.656,1469.597,822.065,2947.603,130278.033,2118.071,7.06912,4.979583,0.976608,0.220978,541.484324
2003,548792390.0,543.502,125.227,1146.456,889.403,2706.471,131424.487,1815.185,7.087233,5.175818,0.99036,0.228186,548.79239
2004,555989789.0,559.449,132.177,1278.497,943.705,2890.079,132702.984,1970.123,7.164124,5.312852,1.006222,0.237733,555.989789
2005,563203795.0,574.042,129.177,1211.653,959.963,2852.483,133914.638,1914.872,7.239186,5.145895,1.019244,0.229361,563.203795
2006,570773243.0,596.802,132.012,1898.676,962.824,3537.544,135813.314,2627.49,7.406611,5.184452,1.045603,0.231286,570.773243
2007,578862119.0,611.736,137.714,1491.592,1025.904,3145.116,137304.913,2241.042,7.54453,5.270429,1.056791,0.237905,578.862119
2008,587000454.0,622.059,135.183,1612.311,1038.59,3286.924,138917.219,2369.553,7.607017,5.233669,1.059725,0.230295,587.000454
2009,594842624.0,643.649,146.249,2009.709,1085.659,3739.314,140926.929,2799.607,7.922559,5.729103,1.082049,0.245862,594.842624
2010,602661481.0,654.157,147.823,1709.27,1181.155,3539.799,142636.201,2511.25,7.922349,5.647732,1.085447,0.245284,602.661481
2011,610506845.0,695.799,149.881,1813.942,1264.378,3800.922,144450.146,2659.622,8.187551,5.544796,1.139707,0.245503,610.506845
2012,618483748.0,708.914,154.015,1853.664,1299.202,3871.903,146303.811,2716.593,8.273594,5.667557,1.146213,0.24902,618.483748
2013,626362329.0,708.478,154.549,1997.194,1322.309,4015.685,148301.003,2860.221,8.314886,5.723249,1.131099,0.246741,626.362329
2014,633892831.0,714.48,158.005,2355.35,1379.057,4399.945,150656.352,3227.835,8.30618,5.779329,1.127131,0.249261,633.892831
2015,641170600.0,700.774,160.156,2533.67,1484.222,4738.068,153190.017,3394.6,8.133074,5.842218,1.09296,0.249787,641.1706
2016,648275602.0,707.502,162.688,1493.928,1515.479,3806.992,154683.949,2364.118,8.176534,5.89614,1.09136,0.250955,648.275602
2017,655182485.0,732.708,173.084,1337.145,1574.757,3770.774,156021.098,2242.937,8.329051,6.149235,1.118327,0.264177,655.182485
2018,661688486.0,746.55,169.791,1370.969,1681.732,3900.724,157392.061,2287.31,8.354942,6.033712,1.12825,0.256603,661.688486
2019,667902608.0,756.091,170.912,1577.723,1835.659,4257.554,158969.783,2504.726,8.393139,6.062636,1.132038,0.255894,667.902608
2020,673662470.0,743.231,174.401,1201.376,1783.172,3842.666,160171.164,2119.008,8.347775,6.112969,1.103269,0.258885,673.66247
2021,678616463.0,749.742,173.331,1149.765,1761.593,3812.308,161320.927,2072.838,8.248619,5.986361,1.10481,0.255418,678.616463
2022,683529123.0,782.049,168.707,1019.948,1922.318,3894.453,162340.883,1970.704,8.428564,5.855383,1.144134,0.246818,683.529123
2023,688732923.0,805.877,171.786,1132.926,1952.701,4037.802,163473.8,2110.589,8.557747,5.900959,1.170086,0.249423,688.732923
2024,693748795.0,809.188,170.658,1044.543,2059.87,4051.822,164518.351,2024.389,8.518742,5.81304,1.166399,0.245994,693.748795
