tahun,ramalan,ci50_bawah,ci50_atas,ci80_bawah,ci80_atas,ci95_bawah,ci95_atas
2025,823.311,816.566,833.7816,808.7023,837.6755,791.8452,847.1613
2026,837.6805,822.5857,853.7199,802.4887,863.8911,799.0166,874.0798
2027,852.3007,827.4746,874.8585,817.055,885.7415,803.3666,893.797
2028,862.0146,840.6141,876.8833,822.1708,899.1323,803.1772,908.2778
2029,871.7375,850.4894,902.865,828.7184,910.6773,814.9542,920.2222
2030,884.1651,853.6439,914.9338,837.1538,933.8066,833.5654,949.7981
2031,898.9506,874.9841,939.3678,864.4951,966.8458,850.4926,992.2329
2032,932.0844,917.3093,964.8323,906.9196,997.6242,885.5827,1025.6672
2033,958.562,948.8981,994.9766,935.4316,1033.7384,917.0238,1064.75
2034,971.4949,968.0042,1008.6371,941.7613,1053.9946,926.4785,1068.6459
2035,990.2625,980.4964,1028.0258,960.7931,1065.2721,944.4944,1070.6738
