year,Brunei,Cambodia,Indonesia,Laos,Malaysia,Myanmar,Philippines,Singapore,Thailand,Vietnam
1961,0.057,13.359,84.116,3.286,6.337,32.413,43.395,0.528,50.743,37.809
1962,0.06,13.973,85.602,3.244,6.55,34.298,43.836,0.568,53.255,39.012
1963,0.059,13.851,82.408,3.338,6.724,35.99,43.145,0.582,53.552,37.379
1964,0.055,14.19,84.127,4.358,6.926,37.343,44.498,0.548,53.436,40.069
1965,0.053,14.146,88.676,4.478,7.156,37.382,44.436,0.582,53.99,39.306
1966,0.063,13.814,90.03,4.677,7.294,35.809,44.993,0.556,59.509,38.724
1967,0.069,13.922,89.25,4.954,7.476,37.224,47.257,0.624,56.116,38.713
1968,0.072,15.57,96.758,4.058,7.764,38.13,48.327,0.67,59.265,39.258
1969,0.076,14.179,97.957,4.012,7.765,37.879,47.622,0.718,61.486,39.437
1970,0.653,16.466,103.525,4.021,8.124,39.132,48.168,0.753,60.804,38.491
1971,0.653,13.738,105.29,3.919,8.403,39.077,50.078,0.784,61.344,38.409
1972,0.891,11.627,108.142,3.877,8.901,38.554,49.452,0.841,60.015,38.927
1973,1.234,9.205,117.002,3.856,8.885,40.904,53.767,0.896,64.523,40.738
1974,1.294,7.353,118.655,3.823,8.851,40.723,53.359,0.885,63.013,41.801
1975,1.361,7.952,117.307,3.786,9.355,41.635,52.567,0.835,68.411,40.641
1976,1.676,7.524,122.559,3.334,10.314,41.43,51.197,0.866,68.779,42.771
1977,1.777,7.529,128.491,3.576,10.616,41.786,51.139,0.943,71.865,44.848
1978,1.784,7.523,131.257,3.754,10.617,42.978,51.628,0.916,74.008,45.007
1979,1.911,6.166,130.81,4.127,12.356,41.091,52.917,0.935,72.853,45.05
1980,1.991,9.299,133.404,4.547,12.331,43.289,51.602,0.939,74.418,45.397
1981,1.576,8.894,137.4,4.613,12.194,43.921,51.47,0.968,75.636,46.525
1982,1.544,10.717,130.235,4.656,12.699,43.493,50.14,0.956,75.664,47.52
1983,1.598,11.786,135.067,4.718,13.664,44.807,49.987,0.963,76.58,47.995
1984,1.55,8.683,143.053,4.632,14.717,44.42,50.953,1.233,77.463,47.946
1985,1.464,10.823,143.646,4.734,15.161,45.321,52.655,1.215,79.963,48.773
1986,1.48,11.522,148.335,4.81,16.064,45.393,52.967,1.225,78.69,49.581
1987,1.408,11.462,147.974,4.766,16.317,45.105,51.583,1.238,79.52,50.015
1988,1.39,13.302,150.37,4.768,17.045,45.231,53.286,1.206,83.701,51.323
1989,1.405,13.533,157.544,4.987,17.88,44.407,54.45,1.224,86.026,52.685
1990,1.499,14.446,162.547,5.547,18.628,44.581,52.853,1.292,82.828,53.857
1991,1.407,14.009,169.407,5.432,19.152,43.807,53.441,1.307,86.944,56.701
1992,1.165,14.342,179.412,5.656,19.558,46.479,51.246,1.336,87.181,59.143
1993,1.429,15.085,182.015,5.677,20.117,47.82,51.957,1.415,85.665,61.308
1994,1.475,13.737,187.211,5.991,20.921,48.952,55.021,1.684,85.307,62.166
1995,1.435,16.415,190.916,6.058,19.954,50.764,56.193,1.68,83.455,65.552
1996,1.489,16.478,200.569,6.066,22.24,50.126,58.31,1.739,82.604,67.467
1997,1.586,16.686,204.484,6.281,24.81,48.912,57.901,1.992,84.684,68.035
1998,1.798,16.656,199.826,5.945,21.675,49.705,52.063,2.033,81.309,70.256
1999,1.999,17.619,197.343,5.907,22.004,53.308,59.853,1.984,83.149,73.925
2000,2.223,16.734,199.062,6.343,22.9,54.401,60.484,1.927,82.667,74.138
2001,2.657,16.848,201.118,6.561,23.313,55.609,61.024,2.214,84.285,74.062
2002,2.125,17.081,199.735,6.687,23.933,56.235,61.958,2.445,83.555,75.064
2003,2.228,18.367,201.292,6.854,26.888,58.03,62.097,2.716,87.695,77.335
2004,1.896,18.048,205.566,7.106,27.452,59.752,63.669,3.024,89.596,83.34
2005,1.826,19.33,209.288,7.006,28.131,62.453,63.715,3.127,92.053,87.113
2006,2.47,20.34,221.061,7.085,29.032,66.098,64.469,3.195,93.174,89.878
2007,2.418,20.696,224.719,7.38,28.94,67.683,66.624,3.311,97.886,92.079
2008,3.787,20.919,229.503,7.668,29.708,68.598,68.656,3.2,98.921,91.099
2009,2.799,21.424,242.077,8.006,30.141,69.534,70.604,3.16,101.885,94.019
2010,3.275,21.628,247.332,8.436,27.488,70.542,70.014,3.663,107.371,94.408
2011,3.823,22.445,288.165,8.228,26.751,68.952,71.972,3.715,106.081,95.667
2012,3.975,21.911,300.722,8.834,27.145,68.663,72.263,3.751,106.888,94.762
2013,2.654,21.768,299.584,8.834,26.951,69.486,74.003,4.352,105.641,95.205
2014,3.356,22.013,308.06,9.049,27.189,70.67,73.825,4.53,100.16,95.628
2015,3.133,22.183,298.367,9.334,28.192,72.279,73.544,4.718,96.053,92.971
2016,3.292,22.368,300.969,9.883,29.069,73.467,74.746,4.482,97.366,91.86
2017,3.045,22.949,320.719,9.839,29.254,76.12,77.878,4.937,96.405,91.562
2018,3.429,23.242,352.425,9.892,29.358,58.391,78.162,4.928,93.232,93.491
2019,3.327,23.131,365.884,10.051,29.156,58.05,78.126,5.07,89.534,93.762
2020,3.38,23.069,351.989,10.547,28.139,58.284,78.516,4.85,92.627,91.83
2021,3.018,24.198,351.41,10.481,27.914,59.538,79.761,5.113,93.565,94.744
2022,1.741,23.218,386.071,10.955,28.344,58.693,78.523,5.33,94.947,94.227
2023,1.873,23.673,412.805,11.141,28.793,55.395,78.523,5.783,93.381,94.51
2024,1.578,23.828,412.009,11.411,28.313,56.521,78.93,5.801,95.815,94.982
