tahun,ensemble,Drift,Holt,Holt teredam,Holt tuned,ci50_bawah,ci50_atas,ci80_bawah,ci80_atas,ci95_bawah,ci95_atas
2025,820.8725,823.311,822.4898,813.5889,824.1002,818.6053,831.3571,810.1969,834.0573,796.2889,846.9517
2026,832.7941,837.6805,835.7348,820.0059,837.7551,820.6602,851.537,807.0216,858.728,794.2458,869.4802
2027,844.6575,852.3007,849.1931,825.5002,851.6362,820.7833,867.8625,811.3845,880.5758,794.3703,888.4706
2028,856.4977,867.1762,862.8681,830.1992,865.7473,836.6133,885.1068,817.6173,904.9009,797.1052,908.6898
2029,868.3453,882.3112,876.7633,834.2144,880.0922,844.2687,906.5178,819.9499,920.6196,810.4392,926.9145
2030,880.2276,897.7104,890.8823,837.6426,894.6749,853.0422,923.4052,830.077,940.9557,826.8034,952.5105
2031,892.1685,913.3784,905.2287,840.5677,909.4991,861.9293,935.8129,840.7961,965.6312,829.4205,981.9207
2032,904.1892,929.3199,919.8061,843.062,924.569,872.3464,943.7245,850.5846,979.9931,821.5358,1007.3111
2033,916.3086,945.5396,934.6182,845.188,939.8886,887.4742,966.4929,863.3504,992.1828,823.0789,1035.3448
2034,928.5431,962.0423,949.6689,846.9993,955.462,903.5351,976.266,879.6453,1019.3979,840.5579,1046.3923
2035,940.9076,978.8331,964.9619,848.5419,971.2934,913.1561,982.1552,880.0547,1042.0853,865.796,1053.9963
